INSERT INTO institution (id, name, email, password, phone_number, detail) VALUES
                                                                              (1, '하나금융', 'hana@hana.com', '$2a$10$YlakYH21qBT7qymZ4bJH7e7RUkERACdgBYSbQcU/RV8MM61KL3M3m', '010-1111-1111', '하나금융그룹입니다.'),
                                                                              (2, '네이버', 'naver@naver.com', '$2a$10$YlakYH21qBT7qymZ4bJH7e7RUkERACdgBYSbQcU/RV8MM61KL3M3m', '010-2222-2222', '네이버입니다.'),
                                                                              (3, '카카오', 'kakao@kakao.com', '$2a$10$YlakYH21qBT7qymZ4bJH7e7RUkERACdgBYSbQcU/RV8MM61KL3M3m', '010-5555-5555', '카카오입니다.'),
                                                                              (4, '삼성', 'ㅌsamsung@samsung.com', '$2a$10$YlakYH21qBT7qymZ4bJH7e7RUkERACdgBYSbQcU/RV8MM61KL3M3m', '010-6666-6666', '삼성입니다.'),
                                                                              (5, '개미인력', 'lg@lg.com', '$2a$10$YlakYH21qBT7qymZ4bJH7e7RUkERACdgBYSbQcU/RV8MM61KL3M3m', '010-7777-7777', '안녕하세요. 개미인력입니다.'),
                                                                              (6, '롯데', 'lotte@lotte.com', '$2a$10$YlakYH21qBT7qymZ4bJH7e7RUkERACdgBYSbQcU/RV8MM61KL3M3m', '010-1212-1212', '롯데그룹입니다.'),
                                                                              (7, '현대', 'hyundai@hyundai.com', '$2a$10$YlakYH21qBT7qymZ4bJH7e7RUkERACdgBYSbQcU/RV8MM61KL3M3m', '010-1313-1313', '현대자동차그룹입니다.'),
                                                                              (8, 'CJ', 'cj@cj.net', '$2a$10$YlakYH21qBT7qymZ4bJH7e7RUkERACdgBYSbQcU/RV8MM61KL3M3m', '010-1414-1414', 'CJ그룹입니다.'),
                                                                              (9, 'SK', 'sk@sk.com', '$2a$10$YlakYH21qBT7qymZ4bJH7e7RUkERACdgBYSbQcU/RV8MM61KL3M3m', '010-1515-1515', 'SK그룹입니다.'),
                                                                              (10, 'GS칼텍스', 'gs@gs.com', '$2a$10$YlakYH21qBT7qymZ4bJH7e7RUkERACdgBYSbQcU/RV8MM61KL3M3m', '010-1616-1616', 'GS칼텍스입니다.'),
                                                                              (11, '포스코', 'posco@posco.com', '$2a$10$YlakYH21qBT7qymZ4bJH7e7RUkERACdgBYSbQcU/RV8MM61KL3M3m', '010-1717-1717', '포스코입니다.'),
                                                                              (12, 'LG', 'lg2@lg.com', '$2a$10$YlakYH21qBT7qymZ4bJH7e7RUkERACdgBYSbQcU/RV8MM61KL3M3m', '010-1818-1818', 'LG그룹입니다.'),
                                                                              (13, 'KT', 'kt@kt.com', '$2a$10$YlakYH21qBT7qymZ4bJH7e7RUkERACdgBYSbQcU/RV8MM61KL3M3m', '010-1919-1919', 'KT입니다.'),
                                                                              (14, '한화', 'hanwha@hanwha.com', '$2a$10$YlakYH21qBT7qymZ4bJH7e7RUkERACdgBYSbQcU/RV8MM61KL3M3m', '010-2020-2020', '한화그룹입니다.'),
                                                                              (15, '신세계', 'shinsegae@ssg.com', '$2a$10$YlakYH21qBT7qymZ4bJH7e7RUkERACdgBYSbQcU/RV8MM61KL3M3m', '010-2121-2121', '신세계그룹입니다.');
INSERT INTO user (id, name, email, password, phone_number, total_hour, birthdate, is_kakao, preferred_region,profile_image) VALUES
                                                                                                                                (1, '김봉사', 'test@test', '$2a$10$YlakYH21qBT7qymZ4bJH7e7RUkERACdgBYSbQcU/RV8MM61KL3M3m', '010-3333-3333', 10, '1990-01-01', false, '서울','https://ddabong-upload.s3.ap-northeast-2.amazonaws.com/uploads/7edb4d83-5813-4032-8292-e9f73c086474-(Frame 2087326976.png)'),
                                                                                                                                (2, '이봉사', 'lee@ddabong.com', '$2a$10$YlakYH21qBT7qymZ4bJH7e7RUkERACdgBYSbQcU/RV8MM61KL3M3m', '010-4444-4444', 120, '1995-05-05', true, '경기','https://ddabong-upload.s3.ap-northeast-2.amazonaws.com/uploads/7edb4d83-5813-4032-8292-e9f73c086474-(Frame 2087326976.png)'),
                                                                                                                                (3, '박봉사', 'park@ddabong.com', '$2a$10$YlakYH21qBT7qymZ4bJH7e7RUkERACdgBYSbQcU/RV8MM61KL3M3m', '010-8888-8888', 5, '2000-02-10', false, '인천','https://ddabong-upload.s3.ap-northeast-2.amazonaws.com/uploads/7edb4d83-5813-4032-8292-e9f73c086474-(Frame 2087326976.png)'),
                                                                                                                                (4, '최봉사', 'choi@ddabong.com', '$2a$10$YlakYH21qBT7qymZ4bJH7e7RUkERACdgBYSbQcU/RV8MM61KL3M3m', '010-9999-9999', 130, '1988-11-20', true, '부산','https://ddabong-upload.s3.ap-northeast-2.amazonaws.com/uploads/7edb4d83-5813-4032-8292-e9f73c086474-(Frame 2087326976.png)'),
                                                                                                                                (5, '정봉사', 'jung@ddabong.com', '$2a$10$YlakYH21qBT7qymZ4bJH7e7RUkERACdgBYSbQcU/RV8MM61KL3M3m', '010-1010-1010', 15, '1998-07-07', false, '대구','https://ddabong-upload.s3.ap-northeast-2.amazonaws.com/uploads/7edb4d83-5813-4032-8292-e9f73c086474-(Frame 2087326976.png)'),
                                                                                                                                (6, '강봉사', 'kang@ddabong.com', '$2a$10$YlakYH21qBT7qymZ4bJH7e7RUkERACdgBYSbQcU/RV8MM61KL3M3m', '010-2020-2020', 25, '1993-03-15', true, '광주','https://ddabong-upload.s3.ap-northeast-2.amazonaws.com/uploads/7edb4d83-5813-4032-8292-e9f73c086474-(Frame 2087326976.png)'),
                                                                                                                                (7, '조봉사', 'cho@ddabong.com', '$2a$10$YlakYH21qBT7qymZ4bJH7e7RUkERACdgBYSbQcU/RV8MM61KL3M3m', '010-3030-3030', 8, '2001-09-01', false, '대전','https://ddabong-upload.s3.ap-northeast-2.amazonaws.com/uploads/7edb4d83-5813-4032-8292-e9f73c086474-(Frame 2087326976.png)'),
                                                                                                                                (8, '윤봉사', 'yoon@ddabong.com', '$2a$10$YlakYH21qBT7qymZ4bJH7e7RUkERACdgBYSbQcU/RV8MM61KL3M3m', '010-4040-4040', 12, '1996-12-25', true, '울산','https://ddabong-upload.s3.ap-northeast-2.amazonaws.com/uploads/7edb4d83-5813-4032-8292-e9f73c086474-(Frame 2087326976.png)'),
                                                                                                                                (9, '장봉사', 'jang@ddabong.com', '$2a$10$YlakYH21qBT7qymZ4bJH7e7RUkERACdgBYSbQcU/RV8MM61KL3M3m', '010-5050-5050', 18, '1991-06-30', false, '세종','https://ddabong-upload.s3.ap-northeast-2.amazonaws.com/uploads/7edb4d83-5813-4032-8292-e9f73c086474-(Frame 2087326976.png)'),
                                                                                                                                (10, '임봉사', 'lim@ddabong.com', '$2a$10$YlakYH21qBT7qymZ4bJH7e7RUkERACdgBYSbQcU/RV8MM61KL3M3m', '010-6060-6060', 22, '1997-08-18', true, '제주','https://ddabong-upload.s3.ap-northeast-2.amazonaws.com/uploads/7edb4d83-5813-4032-8292-e9f73c086474-(Frame 2087326976.png)'),
                                                                                                                                (11, '서봉사', 'seo@ddabong.com', '$2a$10$YlakYH21qBT7qymZ4bJH7e7RUkERACdgBYSbQcU/RV8MM61KL3M3m', '010-7070-7070', 14, '1992-04-11', false, '서울','https://ddabong-upload.s3.ap-northeast-2.amazonaws.com/uploads/7edb4d83-5813-4032-8292-e9f73c086474-(Frame 2087326976.png)'),
                                                                                                                                (12, '남봉사', 'nam@ddabong.com', '$2a$10$YlakYH21qBT7qymZ4bJH7e7RUkERACdgBYSbQcU/RV8MM61KL3M3m', '010-8080-8080', 9, '1999-01-23', true, '경기','https://ddabong-upload.s3.ap-northeast-2.amazonaws.com/uploads/7edb4d83-5813-4032-8292-e9f73c086474-(Frame 2087326976.png)'),
                                                                                                                                (13, '하봉사', 'ha@ddabong.com', '$2a$10$YlakYH21qBT7qymZ4bJH7e7RUkERACdgBYSbQcU/RV8MM61KL3M3m', '010-9090-9090', 16, '1994-10-05', false, '인천','https://ddabong-upload.s3.ap-northeast-2.amazonaws.com/uploads/7edb4d83-5813-4032-8292-e9f73c086474-(Frame 2087326976.png)'),
                                                                                                                                (14, '오봉사', 'oh@ddabong.com', '$2a$10$YlakYH21qBT7qymZ4bJH7e7RUkERACdgBYSbQcU/RV8MM61KL3M3m', '010-1112-1112', 28, '1987-05-19', true, '부산','https://ddabong-upload.s3.ap-northeast-2.amazonaws.com/uploads/7edb4d83-5813-4032-8292-e9f73c086474-(Frame 2087326976.png)'),
                                                                                                                                (15, '배봉사', 'bae@ddabong.com', '$2a$10$YlakYH21qBT7qymZ4bJH7e7RUkERACdgBYSbQcU/RV8MM61KL3M3m', '010-1314-1314', 6, '2002-09-09', false, '광주','https://ddabong-upload.s3.ap-northeast-2.amazonaws.com/uploads/7edb4d83-5813-4032-8292-e9f73c086474-(Frame 2087326976.png)'),
                                                                                                                                (16, '문봉사', 'moon@ddabong.com', '$2a$10$YlakYH21qBT7qymZ4bJH7e7RUkERACdgBYSbQcU/RV8MM61KL3M3m', '010-1415-1415', 12, '1993-02-14', true, '대전','https://ddabong-upload.s3.ap-northeast-2.amazonaws.com/uploads/7edb4d83-5813-4032-8292-e9f73c086474-(Frame 2087326976.png)'),
                                                                                                                                (17, '신봉사', 'shin@ddabong.com', '$2a$10$YlakYH21qBT7qymZ4bJH7e7RUkERACdgBYSbQcU/RV8MM61KL3M3m', '010-1516-1516', 20, '1998-11-30', false, '울산','https://ddabong-upload.s3.ap-northeast-2.amazonaws.com/uploads/7edb4d83-5813-4032-8292-e9f73c086474-(Frame 2087326976.png)'),
                                                                                                                                (18, '안봉사', 'ahn@ddabong.com', '$2a$10$YlakYH21qBT7qymZ4bJH7e7RUkERACdgBYSbQcU/RV8MM61KL3M3m', '010-1617-1617', 7, '2001-07-07', true, '세종','https://ddabong-upload.s3.ap-northeast-2.amazonaws.com/uploads/7edb4d83-5813-4032-8292-e9f73c086474-(Frame 2087326976.png)'),
                                                                                                                                (19, '유봉사', 'yoo@ddabong.com', '$2a$10$YlakYH21qBT7qymZ4bJH7e7RUkERACdgBYSbQcU/RV8MM61KL3M3m', '010-1718-1718', 19, '1995-03-03', false, '제주','https://ddabong-upload.s3.ap-northeast-2.amazonaws.com/uploads/7edb4d83-5813-4032-8292-e9f73c086474-(Frame 2087326976.png)'),
                                                                                                                                (20, '노봉사', 'noh@ddabong.com', '$2a$10$YlakYH21qBT7qymZ4bJH7e7RUkERACdgBYSbQcU/RV8MM61KL3M3m', '010-1819-1819', 24, '1991-12-12', true, '서울','https://ddabong-upload.s3.ap-northeast-2.amazonaws.com/uploads/7edb4d83-5813-4032-8292-e9f73c086474-(Frame 2087326976.png)'),
                                                                                                                                (21, '길봉사', 'gil@ddabong.com', '$2a$10$YlakYH21qBT7qymZ4bJH7e7RUkERACdgBYSbQcU/RV8MM61KL3M3m', '010-1920-1920', 11, '1997-06-06', false, '경기','https://ddabong-upload.s3.ap-northeast-2.amazonaws.com/uploads/7edb4d83-5813-4032-8292-e9f73c086474-(Frame 2087326976.png)'),
                                                                                                                                (22, '하늘봉사', 'sky@ddabong.com', '$2a$10$YlakYH21qBT7qymZ4bJH7e7RUkERACdgBYSbQcU/RV8MM61KL3M3m', '010-2021-2021', 8, '1999-09-19', true, '인천','https://ddabong-upload.s3.ap-northeast-2.amazonaws.com/uploads/7edb4d83-5813-4032-8292-e9f73c086474-(Frame 2087326976.png)'),
                                                                                                                                (23, '바다봉사', 'sea@ddabong.com', '$2a$10$YlakYH21qBT7qymZ4bJH7e7RUkERACdgBYSbQcU/RV8MM61KL3M3m', '010-2122-2122', 17, '1994-04-22', false, '부산','https://ddabong-upload.s3.ap-northeast-2.amazonaws.com/uploads/7edb4d83-5813-4032-8292-e9f73c086474-(Frame 2087326976.png)'),
                                                                                                                                (24, '숲봉사', 'forest@ddabong.com', '$2a$10$YlakYH21qBT7qymZ4bJH7e7RUkERACdgBYSbQcU/RV8MM61KL3M3m', '010-2223-2223', 26, '1988-08-28', true, '대구','https://ddabong-upload.s3.ap-northeast-2.amazonaws.com/uploads/7edb4d83-5813-4032-8292-e9f73c086474-(Frame 2087326976.png)'),
                                                                                                                                (25, '산봉사', 'mount@ddabong.com', '$2a$10$YlakYH21qBT7qymZ4bJH7e7RUkERACdgBYSbQcU/RV8MM61KL3M3m', '010-2324-2324', 13, '1996-01-17', false, '광주','https://ddabong-upload.s3.ap-northeast-2.amazonaws.com/uploads/7edb4d83-5813-4032-8292-e9f73c086474-(Frame 2087326976.png)'),
                                                                                                                                (26, '들봉사', 'field@ddabong.com', '$2a$10$YlakYH21qBT7qymZ4bJH7e7RUkERACdgBYSbQcU/RV8MM61KL3M3m', '010-2425-2425', 5, '2000-05-25', true, '대전','https://ddabong-upload.s3.ap-northeast-2.amazonaws.com/uploads/7edb4d83-5813-4032-8292-e9f73c086474-(Frame 2087326976.png)'),
                                                                                                                                (27, '별봉사', 'star@ddabong.com', '$2a$10$YlakYH21qBT7qymZ4bJH7e7RUkERACdgBYSbQcU/RV8MM61KL3M3m', '010-2526-2526', 31, '1989-03-09', false, '울산','https://ddabong-upload.s3.ap-northeast-2.amazonaws.com/uploads/7edb4d83-5813-4032-8292-e9f73c086474-(Frame 2087326976.png)'),
                                                                                                                                (28, '해봉사', 'sun@ddabong.com', '$2a$10$YlakYH21qBT7qymZ4bJH7e7RUkERACdgBYSbQcU/RV8MM61KL3M3m', '010-2627-2627', 18, '1993-10-13', true, '세종','https://ddabong-upload.s3.ap-northeast-2.amazonaws.com/uploads/7edb4d83-5813-4032-8292-e9f73c086474-(Frame 2087326976.png)'),
                                                                                                                                (29, '달봉사', 'moon2@ddabong.com', '$2a$10$YlakYH21qBT7qymZ4bJH7e7RUkERACdgBYSbQcU/RV8MM61KL3M3m', '010-2728-2728', 22, '1992-02-02', false, '제주','https://ddabong-upload.s3.ap-northeast-2.amazonaws.com/uploads/7edb4d83-5813-4032-8292-e9f73c086474-(Frame 2087326976.png)'),
                                                                                                                                (30, '구름봉사', 'cloud@ddabong.com', '$2a$10$YlakYH21qBT7qymZ4bJH7e7RUkERACdgBYSbQcU/RV8MM61KL3M3m', '010-2829-2829', 16, '1997-07-21', true, '서울','https://ddabong-upload.s3.ap-northeast-2.amazonaws.com/uploads/7edb4d83-5813-4032-8292-e9f73c086474-(Frame 2087326976.png)');

INSERT INTO user_preferred_category (user_id, preferred_category) VALUES
                                                                      (1, 'LIVING'), (1, 'EDUCATION'), (2, 'SAFETY'), (3, 'CULTURE'), (4, 'ENVIRONMENT'),
                                                                      (5, 'PUBLIC'), (6, 'GLOBAL'), (7, 'LIVING'), (8, 'EDUCATION'), (9, 'SAFETY'), (10, 'CULTURE'),(11, 'ENVIRONMENT'), (12, 'PUBLIC'), (13, 'GLOBAL'), (14, 'CULTURE'), (15, 'SAFETY'),
                                                                      (16, 'LIVING'), (17, 'EDUCATION'), (18, 'SAFETY'), (19, 'CULTURE'), (20, 'ENVIRONMENT'),
                                                                      (21, 'PUBLIC'), (22, 'GLOBAL'), (23, 'LIVING'), (24, 'EDUCATION'), (25, 'SAFETY'),
                                                                      (26, 'CULTURE'), (27, 'ENVIRONMENT'), (28, 'PUBLIC'), (29, 'GLOBAL'), (30, 'LIVING');

INSERT INTO activity (id, title, content, category, institution) VALUES
                                                                     (1, '독거노인 생활 지원', '독거노인 분들의 양치를 시켜드려요.', 'LIVING', 1),
                                                                     (2, '청소년 코딩 교육', '청소년들에게 코딩을 가르칩니다.', 'EDUCATION', 2),
                                                                     (3, '해변 정화 활동', '해변의 쓰레기를 줍습니다.', 'ENVIRONMENT', 3),
                                                                     (4, '어린이 안전 교육', '어린이들에게 안전 교육을 실시합니다.', 'SAFETY', 4),
                                                                     (5, '다문화 가정 지원', '다문화 가정을 지원합니다.', 'CULTURE', 5),
                                                                     (6, '아동 독서 지도', '어린이들에게 독서를 지도합니다.', 'EDUCATION', 6),
                                                                     (7, '노인 병원 동행', '노인분들의 병원 진료를 함께합니다.', 'LIVING', 7),
                                                                     (8, '도시 숲 가꾸기', '도심 속 숲을 가꾸는 활동입니다.', 'ENVIRONMENT', 8),
                                                                     (9, '교통 질서 캠페인', '시민들에게 교통 질서의 중요성을 알립니다.', 'SAFETY', 9),
                                                                     (10, '외국인 한국어 교실', '외국인 주민들에게 한국어를 가르칩니다.', 'CULTURE', 10),
                                                                     (11, '민원 안내 지원', '주민센터에서 민원 안내를 지원합니다.', 'PUBLIC', 11),
                                                                     (12, '농촌 일손 돕기', '농번기 농촌 지역에서 일손을 돕습니다.', 'GLOBAL', 12),
                                                                     (13, '어르신 반찬 만들기', '어르신들을 위한 반찬을 조리합니다.', 'LIVING', 13),
                                                                     (14, '방과후 수학 멘토링', '청소년 수학 멘토링 프로그램입니다.', 'EDUCATION', 14),
                                                                     (15, '하천 정화 활동', '하천 주변 쓰레기를 수거합니다.', 'ENVIRONMENT', 15),
                                                                     (16, '생활 돌봄 데이', '취약계층 가정 방문 및 생활 지원', 'LIVING', 5),
                                                                     (17, '코딩 입문 특강', '성인 대상 파이썬 입문 교육', 'EDUCATION', 5),
                                                                     (18, '응급처치 기초', '응급처치 이론 및 실습 교육', 'SAFETY', 5),
                                                                     (19, '다문화 요리 교실', '다문화 가정과 함께하는 요리 체험', 'CULTURE', 5),
                                                                     (20, '도심 하천 정화', '하천변 쓰레기 수거 및 분리', 'ENVIRONMENT', 5),
                                                                     (21, '민원 안내 서포터즈', '행정복지센터 민원 안내 지원', 'PUBLIC', 5),
                                                                     (22, '농가 일손 돕기(가을)', '수확철 농가 작황 보조', 'GLOBAL', 5);

INSERT INTO activity_post (id, title, content, start_at, end_at, recruitment_start, recruitment_end, is_accept, capacity, location, image_url, activity_id) VALUES
                                                                                                                                                                (1, '독거노인 방문 봉사', '독거노인 분들을 방문하여 악어새가 되어드립니다.', '2025-09-01 10:00:00', '2025-09-01 12:00:00', '2025-08-20 09:00:00', '2025-08-31 18:00:00', true, 10, '서울시 강남구', 'https://ddabong-upload.s3.ap-northeast-2.amazonaws.com/uploads/%E1%84%8E%E1%85%A9%E1%84%89%E1%85%AE%E1%84%87%E1%85%B5.jpg', 1),
                                                                                                                                                                (2, '코딩 멘토링', '청소년들에게 코딩 멘토링을 제공합니다.', '2025-09-10 14:00:00', '2025-09-10 16:00:00', '2025-08-25 09:00:00', '2025-09-05 18:00:00', true, 5, '경기도 성남시', 'https://ddabong-upload.s3.ap-northeast-2.amazonaws.com/uploads/%E1%84%8E%E1%85%A9%E1%84%89%E1%85%AE%E1%84%87%E1%85%B5.jpg', 2),
                                                                                                                                                                (3, '제주 해변 플로깅', '제주 해변에서 플로깅을 진행합니다.', '2025-09-15 09:00:00', '2025-09-15 11:00:00', '2025-09-01 09:00:00', '2025-09-10 18:00:00', true, 20, '제주시 한림읍', 'https://ddabong-upload.s3.ap-northeast-2.amazonaws.com/uploads/%E1%84%8E%E1%85%A9%E1%84%89%E1%85%AE%E1%84%87%E1%85%B5.jpg', 3),
                                                                                                                                                                (4, '초등학교 교통 안전 캠페인', '초등학생들의 등하굣길 교통 안전을 위한 캠페인을 진행합니다.', '2025-09-20 08:00:00', '2025-09-20 10:00:00', '2025-09-05 09:00:00', '2025-09-15 18:00:00', true, 15, '부산시 해운대구', 'https://ddabong-upload.s3.ap-northeast-2.amazonaws.com/uploads/%E1%84%8E%E1%85%A9%E1%84%89%E1%85%AE%E1%84%87%E1%85%B5.jpg', 4),
                                                                                                                                                                (5, '외국인 주민 한국 문화 체험', '외국인 주민들에게 한국 문화를 소개하고 함께 체험합니다.', '2025-09-25 13:00:00', '2025-09-25 16:00:00', '2025-09-10 09:00:00', '2025-09-20 18:00:00', true, 12, '서울시 용산구', 'https://ddabong-upload.s3.ap-northeast-2.amazonaws.com/uploads/%E1%84%8E%E1%85%A9%E1%84%89%E1%85%AE%E1%84%87%E1%85%B5.jpg', 5),
                                                                                                                                                                (6, '아이들과 독서 시간', '도서관에서 아이들과 책을 읽습니다.', '2025-09-28 14:00:00', '2025-09-28 16:00:00', '2025-09-10 09:00:00', '2025-09-24 18:00:00', true, 12, '서울시 종로구', 'https://ddabong-upload.s3.ap-northeast-2.amazonaws.com/uploads/%E1%84%8E%E1%85%A9%E1%84%89%E1%85%AE%E1%84%87%E1%85%B5.jpg', 6),
                                                                                                                                                                (7, '노인 진료 동행', '어르신 병원 진료 동행 봉사입니다.', '2025-10-02 09:00:00', '2025-10-02 12:00:00', '2025-09-12 09:00:00', '2025-09-27 18:00:00', true, 8, '부산시 동래구', 'https://ddabong-upload.s3.ap-northeast-2.amazonaws.com/uploads/%E1%84%8E%E1%85%A9%E1%84%89%E1%85%AE%E1%84%87%E1%85%B5.jpg', 7),
                                                                                                                                                                (8, '도심 숲 정화', '도시 숲에서 쓰레기를 치우고 가꾸기 활동을 합니다.', '2025-10-05 10:00:00', '2025-10-05 13:00:00', '2025-09-15 09:00:00', '2025-09-30 18:00:00', true, 20, '인천시 남동구', 'https://ddabong-upload.s3.ap-northeast-2.amazonaws.com/uploads/%E1%84%8E%E1%85%A9%E1%84%89%E1%85%AE%E1%84%87%E1%85%B5.jpg', 8),
                                                                                                                                                                (9, '안전 캠페인 홍보', '교통안전 플래카드와 리플렛을 배포합니다.', '2025-10-08 15:00:00', '2025-10-08 17:00:00', '2025-09-18 09:00:00', '2025-10-03 18:00:00', true, 25, '경기도 고양시', 'https://ddabong-upload.s3.ap-northeast-2.amazonaws.com/uploads/%E1%84%8E%E1%85%A9%E1%84%89%E1%85%AE%E1%84%87%E1%85%B5.jpg', 9),
                                                                                                                                                                (10, '한국어 배우기', '외국인에게 한국어 기초를 가르칩니다.', '2025-10-12 10:00:00', '2025-10-12 12:00:00', '2025-09-20 09:00:00', '2025-10-07 18:00:00', true, 15, '서울시 마포구', 'https://ddabong-upload.s3.ap-northeast-2.amazonaws.com/uploads/%E1%84%8E%E1%85%A9%E1%84%89%E1%85%AE%E1%84%87%E1%85%B5.jpg', 10),
                                                                                                                                                                (11, '민원 안내 도우미', '주민센터 민원 안내 지원.', '2025-10-14 13:00:00', '2025-10-14 16:00:00', '2025-09-22 09:00:00', '2025-10-09 18:00:00', true, 10, '포항시 남구', 'https://ddabong-upload.s3.ap-northeast-2.amazonaws.com/uploads/%E1%84%8E%E1%85%A9%E1%84%89%E1%85%AE%E1%84%87%E1%85%B5.jpg', 11),
                                                                                                                                                                (12, '가을 농촌 봉사', '농작물 수확 보조 활동입니다.', '2025-10-18 09:00:00', '2025-10-18 17:00:00', '2025-09-25 09:00:00', '2025-10-13 18:00:00', true, 22, '전주시 덕진구', 'https://ddabong-upload.s3.ap-northeast-2.amazonaws.com/uploads/%E1%84%8E%E1%85%A9%E1%84%89%E1%85%AE%E1%84%87%E1%85%B5.jpg', 12),
                                                                                                                                                                (13, '어르신 반찬 포장', '조리된 반찬을 포장/배달합니다.', '2025-10-20 13:00:00', '2025-10-20 16:00:00', '2025-09-28 09:00:00', '2025-10-15 18:00:00', true, 12, '대구시 수성구', 'https://ddabong-upload.s3.ap-northeast-2.amazonaws.com/uploads/%E1%84%8E%E1%85%A9%E1%84%89%E1%85%AE%E1%84%87%E1%85%B5.jpg', 13),
                                                                                                                                                                (14, '수학 멘토링 데이', '중학생 대상 수학 집중 멘토링.', '2025-10-22 10:00:00', '2025-10-22 12:30:00', '2025-10-01 09:00:00', '2025-10-17 18:00:00', true, 18, '대전시 서구', 'https://ddabong-upload.s3.ap-northeast-2.amazonaws.com/uploads/%E1%84%8E%E1%85%A9%E1%84%89%E1%85%AE%E1%84%87%E1%85%B5.jpg', 14),
                                                                                                                                                                (15, '하천 플로깅', '하천변 플로깅을 진행합니다.', '2025-10-26 08:00:00', '2025-10-26 11:00:00', '2025-10-03 09:00:00', '2025-10-21 18:00:00', true, 20, '광주시 북구', 'https://ddabong-upload.s3.ap-northeast-2.amazonaws.com/uploads/%E1%84%8E%E1%85%A9%E1%84%89%E1%85%AE%E1%84%87%E1%85%B5.jpg', 15),
                                                                                                                                                                (16, '생활 돌봄 방문', '독거 어르신 가정 방문 지원', '2025-10-03 10:00:00', '2025-10-03 12:00:00', '2025-09-15 09:00:00', '2025-09-29 18:00:00', true, 10, '서울시 성동구', 'https://ddabong-upload.s3.ap-northeast-2.amazonaws.com/uploads/%E1%84%8E%E1%85%A9%E1%84%89%E1%85%AE%E1%84%87%E1%85%B5.jpg', 16),
                                                                                                                                                                (17, '파이썬 한 번에 시작', '파이썬 기초 문법/문제 풀기', '2025-10-07 19:00:00', '2025-10-07 21:00:00', '2025-09-18 09:00:00', '2025-10-02 18:00:00', true, 20, '서울시 강남구', 'https://ddabong-upload.s3.ap-northeast-2.amazonaws.com/uploads/%E1%84%8E%E1%85%A9%E1%84%89%E1%85%AE%E1%84%87%E1%85%B5.jpg', 17),
                                                                                                                                                                (18, '응급처치 실습반', '성인/유아 심폐소생술 실습', '2025-10-11 14:00:00', '2025-10-11 17:00:00', '2025-09-20 09:00:00', '2025-10-06 18:00:00', true, 16, '서울시 종로구', 'https://ddabong-upload.s3.ap-northeast-2.amazonaws.com/uploads/%E1%84%8E%E1%85%A9%E1%84%89%E1%85%AE%E1%84%87%E1%85%B5.jpg', 18),
                                                                                                                                                                (19, '세계 음식 데이', '각국 음식 함께 만들고 나누기', '2025-10-15 11:00:00', '2025-10-15 14:00:00', '2025-09-25 09:00:00', '2025-10-10 18:00:00', true, 12, '서울시 용산구', 'https://ddabong-upload.s3.ap-northeast-2.amazonaws.com/uploads/%E1%84%8E%E1%85%A9%E1%84%89%E1%85%AE%E1%84%87%E1%85%B5.jpg', 19),
                                                                                                                                                                (20, '하천 플로깅 데이', '도심 하천변 쓰레기 수거', '2025-10-19 09:00:00', '2025-10-19 12:00:00', '2025-09-28 09:00:00', '2025-10-14 18:00:00', true, 25, '서울시 서초구', 'https://ddabong-upload.s3.ap-northeast-2.amazonaws.com/uploads/%E1%84%8E%E1%85%A9%E1%84%89%E1%85%AE%E1%84%87%E1%85%B5.jpg', 20),
                                                                                                                                                                (21, '민원 안내 부스 운영', '번호표/접수/안내 도우미', '2025-10-23 13:00:00', '2025-10-23 17:00:00', '2025-10-01 09:00:00', '2025-10-18 18:00:00', true, 8, '서울시 동대문구', 'https://ddabong-upload.s3.ap-northeast-2.amazonaws.com/uploads/%E1%84%8E%E1%85%A9%E1%84%89%E1%85%AE%E1%84%87%E1%85%B5.jpg', 21),
                                                                                                                                                                (22, '가을 수확 보조', '사과 선별/포장 지원', '2025-10-27 09:00:00', '2025-10-27 17:00:00', '2025-10-05 09:00:00', '2025-10-22 18:00:00', true, 18, '경기도 남양주시', 'https://ddabong-upload.s3.ap-northeast-2.amazonaws.com/uploads/%E1%84%8E%E1%85%A9%E1%84%89%E1%85%AE%E1%84%87%E1%85%B5.jpg', 22),
                                                                                                                                                                (23, '생활돌봄 야간반', '퇴근 후 생활 지원(야간)', '2025-11-01 19:00:00', '2025-11-01 21:00:00', '2025-10-10 09:00:00', '2025-10-27 18:00:00', false, 6, '서울시 은평구', 'https://ddabong-upload.s3.ap-northeast-2.amazonaws.com/uploads/%E1%84%8E%E1%85%A9%E1%84%89%E1%85%AE%E1%84%87%E1%85%B5.jpg', 16),
                                                                                                                                                                (24, '응급처치 이론반', '기출 중심 이론 정리', '2025-11-04 19:30:00', '2025-11-04 21:00:00', '2025-10-12 09:00:00', '2025-10-30 18:00:00', true, 24, '서울시 마포구', 'https://ddabong-upload.s3.ap-northeast-2.amazonaws.com/uploads/%E1%84%8E%E1%85%A9%E1%84%89%E1%85%AE%E1%84%87%E1%85%B5.jpg', 18),
                                                                                                                                                                (25, '다문화 음식 나눔전', '지역축제 부스 운영 지원', '2025-11-09 10:00:00', '2025-11-09 15:00:00', '2025-10-15 09:00:00', '2025-11-04 18:00:00', true, 20, '서울시 광진구', 'https://ddabong-upload.s3.ap-northeast-2.amazonaws.com/uploads/%E1%84%8E%E1%85%A9%E1%84%89%E1%85%AE%E1%84%87%E1%85%B5.jpg', 19);

INSERT INTO applicant (id, hours, status, user_id, activity_post_id) VALUES
                                                                         (1, 2.00, 'APPROVED', 1, 1), (2, 2.00, 'PENDING', 2, 1), (3, 2.00, 'APPROVED', 2, 2),
                                                                         (4, 2.00, 'APPROVED', 3, 3), (5, 2.00, 'REJECTED', 4, 3), (6, 2.00, 'APPROVED', 5, 4),
                                                                         (7, 3.00, 'PENDING', 6, 5), (8, 3.00, 'APPROVED', 7, 5), (9, 2.00, 'APPROVED', 8, 1),
                                                                         (10, 2.00, 'PENDING', 9, 2), (11, 2.00, 'APPROVED', 10, 3),(12, 2.00, 'PENDING', 11, 6),
                                                                         (13, 3.00, 'APPROVED', 12, 7),
                                                                         (14, 2.00, 'REJECTED', 13, 8),
                                                                         (15, 4.00, 'APPROVED', 14, 9),
                                                                         (16, 2.00, 'PENDING', 15, 10),
                                                                         (17, 3.00, 'APPROVED', 16, 11),
                                                                         (18, 2.00, 'APPROVED', 17, 12),
                                                                         (19, 3.00, 'PENDING', 18, 13),
                                                                         (20, 2.00, 'APPROVED', 19, 14),
                                                                         (21, 3.00, 'REJECTED', 20, 15),
                                                                         (22, 2.00, 'PENDING', 21, 6),
                                                                         (23, 3.00, 'APPROVED', 22, 7),
                                                                         (24, 2.00, 'APPROVED', 23, 8),
                                                                         (25, 3.00, 'PENDING', 24, 9),
                                                                         (26, 2.00, 'APPROVED', 25, 10),
                                                                         (27, 3.00, 'REJECTED', 26, 11),
                                                                         (28, 2.00, 'APPROVED', 27, 12),
                                                                         (29, 3.00, 'PENDING', 28, 13),
                                                                         (30, 2.00, 'APPROVED', 29, 14),
                                                                         (31, 3.00, 'APPROVED', 30, 15),
                                                                         (32, 2.00, 'PENDING', 5, 6),
                                                                         (33, 2.00, 'REJECTED', 8, 7),
                                                                         (34, 2.00, 'APPROVED', 1, 16),
                                                                         (35, 3.00, 'PENDING', 1, 17),
                                                                         (36, 2.00, 'REJECTED', 1, 18),
                                                                         (37, 3.00, 'APPROVED', 1, 19),
                                                                         (38, 2.00, 'PENDING', 1, 20),
                                                                         (39, 4.00, 'APPROVED', 1, 21),
                                                                         (40, 4.00, 'PENDING', 1, 22),
                                                                         (41, 2.00, 'REJECTED', 1, 23),
                                                                         (42, 2.00, 'APPROVED', 1, 24),
                                                                         (43, 3.00, 'PENDING', 1, 25),
                                                                         (44, 2.00, 'APPROVED', 11, 16),
                                                                         (45, 2.00, 'PENDING', 12, 17),
                                                                         (46, 2.50, 'APPROVED', 13, 18),
                                                                         (47, 3.00, 'PENDING', 14, 19),
                                                                         (48, 2.00, 'REJECTED', 15, 20),
                                                                         (49, 3.00, 'APPROVED', 16, 21),
                                                                         (50, 2.00, 'PENDING', 17, 22),
                                                                         (51, 3.00, 'APPROVED', 18, 24),
                                                                         (52, 2.00, 'PENDING', 19, 25);

INSERT INTO likes (id, user_id, activity_post_id) VALUES
                                                      (1, 1, 2), (2, 2, 1), (3, 3, 4), (4, 4, 5), (5, 5, 3),
                                                      (6, 6, 1), (7, 7, 2), (8, 8, 5), (9, 9, 4), (10, 10, 1),(11, 11, 6), (12, 12, 7), (13, 13, 8), (14, 14, 9), (15, 15, 10),
                                                      (16, 16, 11), (17, 17, 12), (18, 18, 13), (19, 19, 14), (20, 20, 15),
                                                      (21, 21, 6), (22, 22, 7), (23, 23, 8), (24, 24, 9), (25, 25, 10),
                                                      (26, 26, 11), (27, 27, 12), (28, 28, 13), (29, 29, 14), (30, 30, 15),
                                                      (31, 1, 16), (32, 1, 17), (33, 1, 18), (34, 1, 19), (35, 1, 20),
                                                      (36, 1, 21), (37, 1, 22), (38, 1, 24), (39, 1, 25),
                                                      (40, 12, 16), (41, 13, 17), (42, 14, 18), (43, 15, 19), (44, 16, 20);

INSERT INTO activity_review (id, rate, content, image_url, activity_id, user_id) VALUES
                                                                                     (1, 5, '정말 보람있는 시간이었습니다.', 'https://ddabong-upload.s3.ap-northeast-2.amazonaws.com/uploads/%E1%84%8E%E1%85%A9%E1%84%89%E1%85%AE%E1%84%87%E1%85%B5.jpg', 1, 1),
                                                                                     (2, 4, '아이들이 똑똑해서 가르치는 재미가 있었어요.', 'https://ddabong-upload.s3.ap-northeast-2.amazonaws.com/uploads/%E1%84%8E%E1%85%A9%E1%84%89%E1%85%AE%E1%84%87%E1%85%B5.jpg', 2, 2),
                                                                                     (3, 5, '제주 바다가 깨끗해져서 뿌듯합니다.', 'https://ddabong-upload.s3.ap-northeast-2.amazonaws.com/uploads/%E1%84%8E%E1%85%A9%E1%84%89%E1%85%AE%E1%84%87%E1%85%B5.jpg', 3, 3),
                                                                                     (4, 4, '아이들이 즐거워하는 모습을 보니 좋았습니다.', 'https://ddabong-upload.s3.ap-northeast-2.amazonaws.com/uploads/%E1%84%8E%E1%85%A9%E1%84%89%E1%85%AE%E1%84%87%E1%85%B5.jpg', 4, 5),
                                                                                     (5, 5, '다양한 나라의 친구들을 만날 수 있어서 유익했습니다.', 'https://ddabong-upload.s3.ap-northeast-2.amazonaws.com/uploads/%E1%84%8E%E1%85%A9%E1%84%89%E1%85%AE%E1%84%87%E1%85%B5.jpg', 5, 7),
                                                                                     (6, 5, '아이들과 책 읽기가 즐거웠습니다.', 'https://ddabong-upload.s3.ap-northeast-2.amazonaws.com/uploads/%E1%84%8E%E1%85%A9%E1%84%89%E1%85%AE%E1%84%87%E1%85%B5.jpg', 6, 11),
                                                                                     (7, 4, '어르신께서 좋아하셔서 보람 있었습니다.', 'https://ddabong-upload.s3.ap-northeast-2.amazonaws.com/uploads/%E1%84%8E%E1%85%A9%E1%84%89%E1%85%AE%E1%84%87%E1%85%B5.jpg', 7, 12),
                                                                                     (8, 5, '도시 숲이 깨끗해져서 기쁩니다.', 'https://ddabong-upload.s3.ap-northeast-2.amazonaws.com/uploads/%E1%84%8E%E1%85%A9%E1%84%89%E1%85%AE%E1%84%87%E1%85%B5.jpg', 8, 13),
                                                                                     (9, 4, '교통 안전 캠페인이 효과적이었습니다.', 'https://ddabong-upload.s3.ap-northeast-2.amazonaws.com/uploads/%E1%84%8E%E1%85%A9%E1%84%89%E1%85%AE%E1%84%87%E1%85%B5.jpg', 9, 14),
                                                                                     (10, 5, '외국인과 교류할 수 있어 의미 있었습니다.', 'https://ddabong-upload.s3.ap-northeast-2.amazonaws.com/uploads/%E1%84%8E%E1%85%A9%E1%84%89%E1%85%AE%E1%84%87%E1%85%B5.jpg', 10, 15),
                                                                                     (11, 5, '민원 안내로 많은 도움을 드렸습니다.', 'https://ddabong-upload.s3.ap-northeast-2.amazonaws.com/uploads/%E1%84%8E%E1%85%A9%E1%84%89%E1%85%AE%E1%84%87%E1%85%B5.jpg', 11, 16),
                                                                                     (12, 4, '농촌 봉사가 뿌듯했습니다.', 'https://ddabong-upload.s3.ap-northeast-2.amazonaws.com/uploads/%E1%84%8E%E1%85%A9%E1%84%89%E1%85%AE%E1%84%87%E1%85%B5.jpg', 12, 17),
                                                                                     (13, 5, '반찬 포장이 뜻깊었습니다.', 'https://ddabong-upload.s3.ap-northeast-2.amazonaws.com/uploads/%E1%84%8E%E1%85%A9%E1%84%89%E1%85%AE%E1%84%87%E1%85%B5.jpg', 13, 18),
                                                                                     (14, 4, '멘토링하며 보람을 느꼈습니다.', 'https://ddabong-upload.s3.ap-northeast-2.amazonaws.com/uploads/%E1%84%8E%E1%85%A9%E1%84%89%E1%85%AE%E1%84%87%E1%85%B5.jpg', 14, 19),
                                                                                     (15, 5, '플로깅으로 환경 보호에 기여했습니다.', 'https://ddabong-upload.s3.ap-northeast-2.amazonaws.com/uploads/%E1%84%8E%E1%85%A9%E1%84%89%E1%85%AE%E1%84%87%E1%85%B5.jpg', 15, 20),
                                                                                     (16, 5, '방문 돌봄에서 보람을 느꼈습니다.', 'https://ddabong-upload.s3.ap-northeast-2.amazonaws.com/uploads/%E1%84%8E%E1%85%A9%E1%84%89%E1%85%AE%E1%84%87%E1%85%B5.jpg', 16, 1),
                                                                                     (17, 4, '파이썬 기본기 다지기에 좋아요.', 'https://ddabong-upload.s3.ap-northeast-2.amazonaws.com/uploads/%E1%84%8E%E1%85%A9%E1%84%89%E1%85%AE%E1%84%87%E1%85%B5.jpg', 17, 1),
                                                                                     (18, 5, '심폐소생술 실습이 큰 도움이 됐습니다.', 'https://ddabong-upload.s3.ap-northeast-2.amazonaws.com/uploads/%E1%84%8E%E1%85%A9%E1%84%89%E1%85%AE%E1%84%87%E1%85%B5.jpg', 18, 1),
                                                                                     (19, 5, '음식으로 소통할 수 있어 의미 있었습니다.', 'https://ddabong-upload.s3.ap-northeast-2.amazonaws.com/uploads/%E1%84%8E%E1%85%A9%E1%84%89%E1%85%AE%E1%84%87%E1%85%B5.jpg', 19, 1),
                                                                                     (20, 4, '하천이 눈에 띄게 깨끗해졌어요.', 'https://ddabong-upload.s3.ap-northeast-2.amazonaws.com/uploads/%E1%84%8E%E1%85%A9%E1%84%89%E1%85%AE%E1%84%87%E1%85%B5.jpg', 20, 1),
                                                                                     (21, 4, '민원 안내 동선이 잘 짜여 있었어요.', 'https://ddabong-upload.s3.ap-northeast-2.amazonaws.com/uploads/%E1%84%8E%E1%85%A9%E1%84%89%E1%85%AE%E1%84%87%E1%85%B5.jpg', 21, 12),
                                                                                     (22, 5, '농가에서 감사해하셔서 뿌듯했습니다.', 'https://ddabong-upload.s3.ap-northeast-2.amazonaws.com/uploads/%E1%84%8E%E1%85%A9%E1%84%89%E1%85%AE%E1%84%87%E1%85%B5.jpg', 22, 13);

INSERT INTO user_review (id, health_status, diligence_level, attitude, memo, user_id,write_inst) VALUES
                                                                                                     (1, 5, 5, 5, '성실하고 착한 봉사자입니다.', 1,1), (2, 4, 4, 4, '열정적인 모습이 보기 좋았습니다.', 2,1),
                                                                                                     (3, 5, 4, 5, '시간 약속을 잘 지킵니다.', 3,1), (4, 3, 4, 3, '조금 더 적극적으로 참여했으면 좋겠습니다.', 4,1),
                                                                                                     (5, 5, 5, 5, '항상 웃는 얼굴로 봉사에 임합니다.', 5,3), (6, 4, 5, 4, '책임감이 강하고 꼼꼼합니다.', 6,2),
                                                                                                     (7, 5, 4, 5, '친화력이 좋아 다른 봉사자들과 잘 어울립니다.', 7,4), (8, 4, 4, 4, '묵묵히 자기 역할을 다합니다.', 8,3),
                                                                                                     (9, 5, 5, 5, '솔선수범하는 모습이 인상적입니다.', 9,5), (10, 4, 4, 5, '긍정적인 에너지가 넘칩니다.', 10,4),(11, 5, 4, 5, '책임감 있고 성실합니다.', 11, 2),
                                                                                                     (12, 4, 4, 4, '항상 최선을 다합니다.', 12, 3),
                                                                                                     (13, 5, 5, 5, '밝고 적극적인 봉사자입니다.', 13, 4),
                                                                                                     (14, 3, 4, 4, '가끔 지각하지만 열정적입니다.', 14, 5),
                                                                                                     (15, 5, 5, 5, '리더십이 뛰어납니다.', 15, 6),
                                                                                                     (16, 4, 5, 4, '소통이 원활합니다.', 16, 7),
                                                                                                     (17, 5, 4, 5, '주어진 일을 끝까지 합니다.', 17, 8),
                                                                                                     (18, 4, 4, 4, '팀워크가 좋습니다.', 18, 9),
                                                                                                     (19, 5, 5, 4, '현장 적응이 빠릅니다.', 19, 10),
                                                                                                     (20, 4, 4, 5, '긍정적인 자세가 인상적입니다.', 20, 11),
                                                                                                     (21, 5, 5, 5, '주도적으로 행동합니다.', 21, 12),
                                                                                                     (22, 4, 5, 4, '세심하게 챙깁니다.', 22, 13),
                                                                                                     (23, 5, 4, 5, '협업이 뛰어납니다.', 23, 14),
                                                                                                     (24, 4, 4, 4, '성실히 임합니다.', 24, 15),
                                                                                                     (25, 5, 5, 5, '문제 해결력이 좋습니다.', 25, 1),
                                                                                                     (26, 4, 4, 5, '현장 대응이 좋습니다.', 26, 3),
                                                                                                     (27, 5, 5, 4, '시간 약속을 잘 지킵니다.', 27, 4),
                                                                                                     (28, 4, 5, 4, '책임감이 강합니다.', 28, 6),
                                                                                                     (29, 5, 4, 5, '친화력이 좋습니다.', 29, 8),
                                                                                                     (30, 4, 4, 4, '묵묵히 자기 역할을 합니다.', 30, 9),
                                                                                                     (31, 5, 5, 5, '기관 5 평가: 일정 준수, 친화력 우수, 업무 이해도 뛰어남.', 1, 5);

INSERT INTO certification (id, hour, user_id) VALUES
                                                  (1, 50, 1), (2, 100, 1), (3, 150, 1), (4, 50, 2), (5, 50, 4),
                                                  (6, 100, 4), (7, 8, 7), (8, 12, 8), (9, 18, 9), (10, 22, 10),(11, 14, 11), (12, 9, 12), (13, 16, 13), (14, 28, 14), (15, 6, 15),
                                                  (16, 18, 16), (17, 22, 17), (18, 11, 18), (19, 19, 19), (20, 24, 20),
                                                  (21, 13, 21), (22, 8, 22), (23, 17, 23), (24, 26, 24), (25, 10, 25),
                                                  (26, 21, 26), (27, 15, 27), (28, 12, 28), (29, 23, 29), (30, 16, 30);

INSERT INTO support_request (id, supply, detail, status, activity_post_id) VALUES
                                                                               (1, '간식', '어르신들께 드릴 간식이 필요합니다.', 'APPROVED', 1),
                                                                               (2, '노트북', '교육용 노트북이 부족합니다.', 'PENDING', 2),
                                                                               (3, '쓰레기 봉투', '해변 정화 활동에 사용할 대용량 쓰레기 봉투가 필요합니다.', 'APPROVED', 3),
                                                                               (4, '안전 조끼', '아이들의 눈에 잘 띄는 안전 조끼가 필요합니다.', 'REJECTED', 4),
                                                                               (5, '한복', '외국인 주민들이 입어볼 한복이 필요합니다.', 'PENDING', 5),
                                                                               (6, '동화책', '아이들 독서 활동에 사용할 동화책이 필요합니다.', 'APPROVED', 6),
                                                                               (7, '휠체어', '노인분 진료 동행 시 휠체어가 부족합니다.', 'PENDING', 7),
                                                                               (8, '장갑', '숲 가꾸기 활동에 사용할 장갑이 필요합니다.', 'APPROVED', 8),
                                                                               (9, '리플렛', '교통 안전 홍보용 리플렛 인쇄가 필요합니다.', 'PENDING', 9),
                                                                               (10, '교재', '외국인 한국어 수업 교재가 필요합니다.', 'APPROVED', 10),
                                                                               (11, '물티슈', '민원 안내 시 위생용품이 필요합니다.', 'PENDING', 11),
                                                                               (12, '모자', '농작업 시 필요한 모자가 필요합니다.', 'APPROVED', 12),
                                                                               (13, '보냉백', '반찬 배달 보냉백이 필요합니다.', 'PENDING', 13),
                                                                               (14, '화이트보드', '멘토링용 화이트보드가 필요합니다.', 'APPROVED', 14),
                                                                               (15, '집게봉', '플로깅용 집게봉이 필요합니다.', 'PENDING', 15),
                                                                               (16, '간식', '돌봄 봉사 이동 간 간식 필요', 'APPROVED', 16),
                                                                               (17, '노트북', '코딩 특강용 대여 노트북 5대 필요', 'PENDING', 17),
                                                                               (18, '마네킹', '심폐소생술 실습용 마네킹 3기 추가 요청', 'APPROVED', 18),
                                                                               (19, '재료비', '다문화 요리 재료 구입비 지원 요청', 'PENDING', 19),
                                                                               (20, '장갑', '플로깅용 장갑/집게 추가 필요', 'APPROVED', 20),
                                                                               (21, '리플렛', '민원 안내 동선 리플렛 인쇄', 'PENDING', 21),
                                                                               (22, '모자', '농작업용 모자/생수 요청', 'APPROVED', 22),
                                                                               (23, '야광띠', '야간 돌봄 이동 시 안전용 야광띠', 'PENDING', 23),
                                                                               (24, '프로젝터', '이론 강의용 프로젝터 필요', 'APPROVED', 24),
                                                                               (25, '부스물품', '축제 부스 배너/테이블보/일회용품', 'APPROVED', 25);
