-- Institution
INSERT INTO institution (id, name, email, password, phone_number, detail) VALUES
                                                                              (1, '하나금융', 'hana@hana.com', '1234', '010-1111-1111', '하나금융그룹입니다.'),
                                                                              (2, '네이버', 'naver@naver.com', '1234', '010-2222-2222', '네이버입니다.'),
                                                                              (3, '카카오', 'kakao@kakao.com', '1234', '010-5555-5555', '카카오입니다.'),
                                                                              (4, '삼성', 'ㅌsamsung@samsung.com', '1234', '010-6666-6666', '삼성입니다.'),
                                                                              (5, '개미인력', 'lg@lg.com', '$2a$10$YlakYH21qBT7qymZ4bJH7e7RUkERACdgBYSbQcU/RV8MM61KL3M3m', '010-7777-7777', '안녕하세요. 개미인력입니다.'),
                                                                              (6, '롯데', 'lotte@lotte.com', '1234', '010-1212-1212', '롯데그룹입니다.'),
                                                                              (7, '현대', 'hyundai@hyundai.com', '1234', '010-1313-1313', '현대자동차그룹입니다.'),
                                                                              (8, 'CJ', 'cj@cj.net', '1234', '010-1414-1414', 'CJ그룹입니다.'),
                                                                              (9, 'SK', 'sk@sk.com', '1234', '010-1515-1515', 'SK그룹입니다.'),
                                                                              (10, 'GS칼텍스', 'gs@gs.com', '1234', '010-1616-1616', 'GS칼텍스입니다.'),
                                                                              (11, '포스코', 'posco@posco.com', '1234', '010-1717-1717', '포스코입니다.'),
                                                                              (12, 'LG', 'lg@lg.com', '1234', '010-1818-1818', 'LG그룹입니다.'),
                                                                              (13, 'KT', 'kt@kt.com', '1234', '010-1919-1919', 'KT입니다.'),
                                                                              (14, '한화', 'hanwha@hanwha.com', '1234', '010-2020-2020', '한화그룹입니다.'),
                                                                              (15, '신세계', 'shinsegae@ssg.com', '1234', '010-2121-2121', '신세계그룹입니다.');
-- User
INSERT INTO user (id, name, email, password, phone_number, total_hour, birthdate, is_kakao, preferred_region) VALUES
                                                                                                                  (1, '김봉사', 'test@test', '$2a$10$YlakYH21qBT7qymZ4bJH7e7RUkERACdgBYSbQcU/RV8MM61KL3M3m', '010-3333-3333', 10, '1990-01-01', false, '서울'),
                                                                                                                  (2, '이봉사', 'lee@ddabong.com', '1234', '010-4444-4444', 20, '1995-05-05', true, '경기'),
                                                                                                                  (3, '박봉사', 'park@ddabong.com', '1234', '010-8888-8888', 5, '2000-02-10', false, '인천'),
                                                                                                                  (4, '최봉사', 'choi@ddabong.com', '1234', '010-9999-9999', 30, '1988-11-20', true, '부산'),
                                                                                                                  (5, '정봉사', 'jung@ddabong.com', '1234', '010-1010-1010', 15, '1998-07-07', false, '대구'),
                                                                                                                  (6, '강봉사', 'kang@ddabong.com', '1234', '010-2020-2020', 25, '1993-03-15', true, '광주'),
                                                                                                                  (7, '조봉사', 'cho@ddabong.com', '1234', '010-3030-3030', 8, '2001-09-01', false, '대전'),
                                                                                                                  (8, '윤봉사', 'yoon@ddabong.com', '1234', '010-4040-4040', 12, '1996-12-25', true, '울산'),
                                                                                                                  (9, '장봉사', 'jang@ddabong.com', '1234', '010-5050-5050', 18, '1991-06-30', false, '세종'),
                                                                                                                  (10, '임봉사', 'lim@ddabong.com', '1234', '010-6060-6060', 22, '1997-08-18', true, '제주'),
                                                                                                                  (11, '서봉사', 'seo@ddabong.com', '1234', '010-7070-7070', 14, '1992-04-11', false, '서울'),
                                                                                                                  (12, '남봉사', 'nam@ddabong.com', '1234', '010-8080-8080', 9, '1999-01-23', true, '경기'),
                                                                                                                  (13, '하봉사', 'ha@ddabong.com', '1234', '010-9090-9090', 16, '1994-10-05', false, '인천'),
                                                                                                                  (14, '오봉사', 'oh@ddabong.com', '1234', '010-1112-1112', 28, '1987-05-19', true, '부산'),
                                                                                                                  (15, '배봉사', 'bae@ddabong.com', '1234', '010-1314-1314', 6, '2002-09-09', false, '광주'),
                                                                                                                  (16, '문봉사', 'moon@ddabong.com', '1234', '010-1415-1415', 12, '1993-02-14', true, '대전'),
                                                                                                                  (17, '신봉사', 'shin@ddabong.com', '1234', '010-1516-1516', 20, '1998-11-30', false, '울산'),
                                                                                                                  (18, '안봉사', 'ahn@ddabong.com', '1234', '010-1617-1617', 7, '2001-07-07', true, '세종'),
                                                                                                                  (19, '유봉사', 'yoo@ddabong.com', '1234', '010-1718-1718', 19, '1995-03-03', false, '제주'),
                                                                                                                  (20, '노봉사', 'noh@ddabong.com', '1234', '010-1819-1819', 24, '1991-12-12', true, '서울'),
                                                                                                                  (21, '길봉사', 'gil@ddabong.com', '1234', '010-1920-1920', 11, '1997-06-06', false, '경기'),
                                                                                                                  (22, '하늘봉사', 'sky@ddabong.com', '1234', '010-2021-2021', 8, '1999-09-19', true, '인천'),
                                                                                                                  (23, '바다봉사', 'sea@ddabong.com', '1234', '010-2122-2122', 17, '1994-04-22', false, '부산'),
                                                                                                                  (24, '숲봉사', 'forest@ddabong.com', '1234', '010-2223-2223', 26, '1988-08-28', true, '대구'),
                                                                                                                  (25, '산봉사', 'mount@ddabong.com', '1234', '010-2324-2324', 13, '1996-01-17', false, '광주'),
                                                                                                                  (26, '들봉사', 'field@ddabong.com', '1234', '010-2425-2425', 5, '2000-05-25', true, '대전'),
                                                                                                                  (27, '별봉사', 'star@ddabong.com', '1234', '010-2526-2526', 31, '1989-03-09', false, '울산'),
                                                                                                                  (28, '해봉사', 'sun@ddabong.com', '1234', '010-2627-2627', 18, '1993-10-13', true, '세종'),
                                                                                                                  (29, '달봉사', 'moon2@ddabong.com', '1234', '010-2728-2728', 22, '1992-02-02', false, '제주'),
                                                                                                                  (30, '구름봉사', 'cloud@ddabong.com', '1234', '010-2829-2829', 16, '1997-07-21', true, '서울');

-- User Preferred Category
INSERT INTO user_preferred_category (user_id, preferred_category) VALUES
                                                                      (1, 'LIVING'), (1, 'EDUCATION'), (2, 'SAFETY'), (3, 'CULTURE'), (4, 'ENVIRONMENT'),
                                                                      (5, 'PUBLIC'), (6, 'GLOBAL'), (7, 'LIVING'), (8, 'EDUCATION'), (9, 'SAFETY'), (10, 'CULTURE'),(11, 'ENVIRONMENT'), (12, 'PUBLIC'), (13, 'GLOBAL'), (14, 'CULTURE'), (15, 'SAFETY'),
                                                                      (16, 'LIVING'), (17, 'EDUCATION'), (18, 'SAFETY'), (19, 'CULTURE'), (20, 'ENVIRONMENT'),
                                                                      (21, 'PUBLIC'), (22, 'GLOBAL'), (23, 'LIVING'), (24, 'EDUCATION'), (25, 'SAFETY'),
                                                                      (26, 'CULTURE'), (27, 'ENVIRONMENT'), (28, 'PUBLIC'), (29, 'GLOBAL'), (30, 'LIVING');

-- Activity
INSERT INTO activity (id, title, content, category, institution) VALUES
                                                                     (1, '독거노인 생활 지원', '독거노인 분들의 양치를 시켜드려요.', 'LIVING', 1),
                                                                     (2, '청소년 코딩 교육', '청소년들에게 코딩을 가르칩니다.', 'EDUCATION', 2),
                                                                     (3, '해변 정화 활동', '해변의 쓰레기를 줍습니다.', 'ENVIRONMENT', 3),
                                                                     (4, '어린이 안전 교육', '어린이들에게 안전 교육을 실시합니다.', 'SAFETY', 4),
                                                                     (5, '다문화 가정 지원', '다문화 가정을 지원합니다.', 'CULTURE', 5),
                                                                     (6, '아동 독서 지도', '어린이들에게 독서를 지도합니다.', 'EDUCATION', 6),
                                                                     (7, '노인 병원 동행', '노인분들의 병원 진료를 함께합니다.', 'LIVING', 7),
                                                                     (8, '도시 숲 가꾸기', '도심 속 숲을 가꾸는 활동입니다.', 'ENVIRONMENT', 8),
                                                                     (9, '교통 질서 캠페인', '시민들에게 교통 질서의 중요성을 알립니다.', 'SAFETY', 9),
                                                                     (10, '외국인 한국어 교실', '외국인 주민들에게 한국어를 가르칩니다.', 'CULTURE', 10),
                                                                     (11, '민원 안내 지원', '주민센터에서 민원 안내를 지원합니다.', 'PUBLIC', 11),
                                                                     (12, '농촌 일손 돕기', '농번기 농촌 지역에서 일손을 돕습니다.', 'GLOBAL', 12),
                                                                     (13, '어르신 반찬 만들기', '어르신들을 위한 반찬을 조리합니다.', 'LIVING', 13),
                                                                     (14, '방과후 수학 멘토링', '청소년 수학 멘토링 프로그램입니다.', 'EDUCATION', 14),
                                                                     (15, '하천 정화 활동', '하천 주변 쓰레기를 수거합니다.', 'ENVIRONMENT', 15);

-- ActivityPost
INSERT INTO activity_post (id, title, content, start_at, end_at, recruitment_start, recruitment_end, is_accept, capacity, location, image_url, activity_id) VALUES
                                                                                                                                                                (1, '독거노인 방문 봉사', '독거노인 분들을 방문하여 악어새가 되어드립니다.', '2025-09-01 10:00:00', '2025-09-01 12:00:00', '2025-08-20 09:00:00', '2025-08-31 18:00:00', true, 10, '서울시 강남구', 'http://example.com/image1.jpg', 1),
                                                                                                                                                                (2, '코딩 멘토링', '청소년들에게 코딩 멘토링을 제공합니다.', '2025-09-10 14:00:00', '2025-09-10 16:00:00', '2025-08-25 09:00:00', '2025-09-05 18:00:00', true, 5, '경기도 성남시', 'http://example.com/image2.jpg', 2),
                                                                                                                                                                (3, '제주 해변 플로깅', '제주 해변에서 플로깅을 진행합니다.', '2025-09-15 09:00:00', '2025-09-15 11:00:00', '2025-09-01 09:00:00', '2025-09-10 18:00:00', true, 20, '제주시 한림읍', 'http://example.com/image3.jpg', 3),
                                                                                                                                                                (4, '초등학교 교통 안전 캠페인', '초등학생들의 등하굣길 교통 안전을 위한 캠페인을 진행합니다.', '2025-09-20 08:00:00', '2025-09-20 10:00:00', '2025-09-05 09:00:00', '2025-09-15 18:00:00', true, 15, '부산시 해운대구', 'http://example.com/image4.jpg', 4),
                                                                                                                                                                (5, '외국인 주민 한국 문화 체험', '외국인 주민들에게 한국 문화를 소개하고 함께 체험합니다.', '2025-09-25 13:00:00', '2025-09-25 16:00:00', '2025-09-10 09:00:00', '2025-09-20 18:00:00', true, 12, '서울시 용산구', 'http://example.com/image5.jpg', 5),
                                                                                                                                                                (6, '아이들과 독서 시간', '도서관에서 아이들과 책을 읽습니다.', '2025-09-28 14:00:00', '2025-09-28 16:00:00', '2025-09-10 09:00:00', '2025-09-24 18:00:00', true, 12, '서울시 종로구', 'http://example.com/image6.jpg', 6),
                                                                                                                                                                (7, '노인 진료 동행', '어르신 병원 진료 동행 봉사입니다.', '2025-10-02 09:00:00', '2025-10-02 12:00:00', '2025-09-12 09:00:00', '2025-09-27 18:00:00', true, 8, '부산시 동래구', 'http://example.com/image7.jpg', 7),
                                                                                                                                                                (8, '도심 숲 정화', '도시 숲에서 쓰레기를 치우고 가꾸기 활동을 합니다.', '2025-10-05 10:00:00', '2025-10-05 13:00:00', '2025-09-15 09:00:00', '2025-09-30 18:00:00', true, 20, '인천시 남동구', 'http://example.com/image8.jpg', 8),
                                                                                                                                                                (9, '안전 캠페인 홍보', '교통안전 플래카드와 리플렛을 배포합니다.', '2025-10-08 15:00:00', '2025-10-08 17:00:00', '2025-09-18 09:00:00', '2025-10-03 18:00:00', true, 25, '경기도 고양시', 'http://example.com/image9.jpg', 9),
                                                                                                                                                                (10, '한국어 배우기', '외국인에게 한국어 기초를 가르칩니다.', '2025-10-12 10:00:00', '2025-10-12 12:00:00', '2025-09-20 09:00:00', '2025-10-07 18:00:00', true, 15, '서울시 마포구', 'http://example.com/image10.jpg', 10),
                                                                                                                                                                (11, '민원 안내 도우미', '주민센터 민원 안내 지원.', '2025-10-14 13:00:00', '2025-10-14 16:00:00', '2025-09-22 09:00:00', '2025-10-09 18:00:00', true, 10, '포항시 남구', 'http://example.com/image11.jpg', 11),
                                                                                                                                                                (12, '가을 농촌 봉사', '농작물 수확 보조 활동입니다.', '2025-10-18 09:00:00', '2025-10-18 17:00:00', '2025-09-25 09:00:00', '2025-10-13 18:00:00', true, 22, '전주시 덕진구', 'http://example.com/image12.jpg', 12),
                                                                                                                                                                (13, '어르신 반찬 포장', '조리된 반찬을 포장/배달합니다.', '2025-10-20 13:00:00', '2025-10-20 16:00:00', '2025-09-28 09:00:00', '2025-10-15 18:00:00', true, 12, '대구시 수성구', 'http://example.com/image13.jpg', 13),
                                                                                                                                                                (14, '수학 멘토링 데이', '중학생 대상 수학 집중 멘토링.', '2025-10-22 10:00:00', '2025-10-22 12:30:00', '2025-10-01 09:00:00', '2025-10-17 18:00:00', true, 18, '대전시 서구', 'http://example.com/image14.jpg', 14),
                                                                                                                                                                (15, '하천 플로깅', '하천변 플로깅을 진행합니다.', '2025-10-26 08:00:00', '2025-10-26 11:00:00', '2025-10-03 09:00:00', '2025-10-21 18:00:00', true, 20, '광주시 북구', 'http://example.com/image15.jpg', 15);

-- Applicant
INSERT INTO applicant (id, hours, status, user_id, activity_post_id) VALUES
                                                                         (1, 2.00, 'APPROVED', 1, 1), (2, 2.00, 'PENDING', 2, 1), (3, 2.00, 'APPROVED', 2, 2),
                                                                         (4, 2.00, 'APPROVED', 3, 3), (5, 2.00, 'REJECTED', 4, 3), (6, 2.00, 'APPROVED', 5, 4),
                                                                         (7, 3.00, 'PENDING', 6, 5), (8, 3.00, 'APPROVED', 7, 5), (9, 2.00, 'APPROVED', 8, 1),
                                                                         (10, 2.00, 'PENDING', 9, 2), (11, 2.00, 'APPROVED', 10, 3),(12, 2.00, 'PENDING', 11, 6),
                                                                         (13, 3.00, 'APPROVED', 12, 7),
                                                                         (14, 2.00, 'REJECTED', 13, 8),
                                                                         (15, 4.00, 'APPROVED', 14, 9),
                                                                         (16, 2.00, 'PENDING', 15, 10),
                                                                         (17, 3.00, 'APPROVED', 16, 11),
                                                                         (18, 2.00, 'APPROVED', 17, 12),
                                                                         (19, 3.00, 'PENDING', 18, 13),
                                                                         (20, 2.00, 'APPROVED', 19, 14),
                                                                         (21, 3.00, 'REJECTED', 20, 15),
                                                                         (22, 2.00, 'PENDING', 21, 6),
                                                                         (23, 3.00, 'APPROVED', 22, 7),
                                                                         (24, 2.00, 'APPROVED', 23, 8),
                                                                         (25, 3.00, 'PENDING', 24, 9),
                                                                         (26, 2.00, 'APPROVED', 25, 10),
                                                                         (27, 3.00, 'REJECTED', 26, 11),
                                                                         (28, 2.00, 'APPROVED', 27, 12),
                                                                         (29, 3.00, 'PENDING', 28, 13),
                                                                         (30, 2.00, 'APPROVED', 29, 14),
                                                                         (31, 3.00, 'APPROVED', 30, 15),
                                                                         (32, 2.00, 'PENDING', 5, 6),
                                                                         (33, 2.00, 'REJECTED', 8, 7);

-- Likes
INSERT INTO likes (id, user_id, activity_post_id) VALUES
                                                      (1, 1, 2), (2, 2, 1), (3, 3, 4), (4, 4, 5), (5, 5, 3),
                                                      (6, 6, 1), (7, 7, 2), (8, 8, 5), (9, 9, 4), (10, 10, 1),(11, 11, 6), (12, 12, 7), (13, 13, 8), (14, 14, 9), (15, 15, 10),
                                                      (16, 16, 11), (17, 17, 12), (18, 18, 13), (19, 19, 14), (20, 20, 15),
                                                      (21, 21, 6), (22, 22, 7), (23, 23, 8), (24, 24, 9), (25, 25, 10),
                                                      (26, 26, 11), (27, 27, 12), (28, 28, 13), (29, 29, 14), (30, 30, 15);

-- ActivityReview
INSERT INTO activity_review (id, rate, content, image_url, activity_id, user_id) VALUES
                                                                                     (1, 5, '정말 보람있는 시간이었습니다.', 'http://example.com/review1.jpg', 1, 1),
                                                                                     (2, 4, '아이들이 똑똑해서 가르치는 재미가 있었어요.', 'http://example.com/review2.jpg', 2, 2),
                                                                                     (3, 5, '제주 바다가 깨끗해져서 뿌듯합니다.', 'http://example.com/review3.jpg', 3, 3),
                                                                                     (4, 4, '아이들이 즐거워하는 모습을 보니 좋았습니다.', 'http://example.com/review4.jpg', 4, 5),
                                                                                     (5, 5, '다양한 나라의 친구들을 만날 수 있어서 유익했습니다.', 'http://example.com/review5.jpg', 5, 7),
                                                                                     (6, 5, '아이들과 책 읽기가 즐거웠습니다.', 'http://example.com/review6.jpg', 6, 11),
                                                                                     (7, 4, '어르신께서 좋아하셔서 보람 있었습니다.', 'http://example.com/review7.jpg', 7, 12),
                                                                                     (8, 5, '도시 숲이 깨끗해져서 기쁩니다.', 'http://example.com/review8.jpg', 8, 13),
                                                                                     (9, 4, '교통 안전 캠페인이 효과적이었습니다.', 'http://example.com/review9.jpg', 9, 14),
                                                                                     (10, 5, '외국인과 교류할 수 있어 의미 있었습니다.', 'http://example.com/review10.jpg', 10, 15),
                                                                                     (11, 5, '민원 안내로 많은 도움을 드렸습니다.', 'http://example.com/review11.jpg', 11, 16),
                                                                                     (12, 4, '농촌 봉사가 뿌듯했습니다.', 'http://example.com/review12.jpg', 12, 17),
                                                                                     (13, 5, '반찬 포장이 뜻깊었습니다.', 'http://example.com/review13.jpg', 13, 18),
                                                                                     (14, 4, '멘토링하며 보람을 느꼈습니다.', 'http://example.com/review14.jpg', 14, 19),
                                                                                     (15, 5, '플로깅으로 환경 보호에 기여했습니다.', 'http://example.com/review15.jpg', 15, 20);

-- UserReview
INSERT INTO user_review (id, health_status, diligence_level, attitude, memo, user_id,write_inst) VALUES
                                                                                                     (1, 5, 5, 5, '성실하고 착한 봉사자입니다.', 1,1), (2, 4, 4, 4, '열정적인 모습이 보기 좋았습니다.', 2,1),
                                                                                                     (3, 5, 4, 5, '시간 약속을 잘 지킵니다.', 3,1), (4, 3, 4, 3, '조금 더 적극적으로 참여했으면 좋겠습니다.', 4,1),
                                                                                                     (5, 5, 5, 5, '항상 웃는 얼굴로 봉사에 임합니다.', 5,3), (6, 4, 5, 4, '책임감이 강하고 꼼꼼합니다.', 6,2),
                                                                                                     (7, 5, 4, 5, '친화력이 좋아 다른 봉사자들과 잘 어울립니다.', 7,4), (8, 4, 4, 4, '묵묵히 자기 역할을 다합니다.', 8,3),
                                                                                                     (9, 5, 5, 5, '솔선수범하는 모습이 인상적입니다.', 9,5), (10, 4, 4, 5, '긍정적인 에너지가 넘칩니다.', 10,4),(11, 5, 4, 5, '책임감 있고 성실합니다.', 11, 2),
                                                                                                     (12, 4, 4, 4, '항상 최선을 다합니다.', 12, 3),
                                                                                                     (13, 5, 5, 5, '밝고 적극적인 봉사자입니다.', 13, 4),
                                                                                                     (14, 3, 4, 4, '가끔 지각하지만 열정적입니다.', 14, 5),
                                                                                                     (15, 5, 5, 5, '리더십이 뛰어납니다.', 15, 6),
                                                                                                     (16, 4, 5, 4, '소통이 원활합니다.', 16, 7),
                                                                                                     (17, 5, 4, 5, '주어진 일을 끝까지 합니다.', 17, 8),
                                                                                                     (18, 4, 4, 4, '팀워크가 좋습니다.', 18, 9),
                                                                                                     (19, 5, 5, 4, '현장 적응이 빠릅니다.', 19, 10),
                                                                                                     (20, 4, 4, 5, '긍정적인 자세가 인상적입니다.', 20, 11),
                                                                                                     (21, 5, 5, 5, '주도적으로 행동합니다.', 21, 12),
                                                                                                     (22, 4, 5, 4, '세심하게 챙깁니다.', 22, 13),
                                                                                                     (23, 5, 4, 5, '협업이 뛰어납니다.', 23, 14),
                                                                                                     (24, 4, 4, 4, '성실히 임합니다.', 24, 15),
                                                                                                     (25, 5, 5, 5, '문제 해결력이 좋습니다.', 25, 1),
                                                                                                     (26, 4, 4, 5, '현장 대응이 좋습니다.', 26, 3),
                                                                                                     (27, 5, 5, 4, '시간 약속을 잘 지킵니다.', 27, 4),
                                                                                                     (28, 4, 5, 4, '책임감이 강합니다.', 28, 6),
                                                                                                     (29, 5, 4, 5, '친화력이 좋습니다.', 29, 8),
                                                                                                     (30, 4, 4, 4, '묵묵히 자기 역할을 합니다.', 30, 9);

-- Certification
INSERT INTO certification (id, hour, user_id) VALUES
                                                  (1, 10, 1), (2, 20, 2), (3, 5, 3), (4, 30, 4), (5, 15, 5),
                                                  (6, 25, 6), (7, 8, 7), (8, 12, 8), (9, 18, 9), (10, 22, 10),(11, 14, 11), (12, 9, 12), (13, 16, 13), (14, 28, 14), (15, 6, 15),
                                                  (16, 18, 16), (17, 22, 17), (18, 11, 18), (19, 19, 19), (20, 24, 20),
                                                  (21, 13, 21), (22, 8, 22), (23, 17, 23), (24, 26, 24), (25, 10, 25),
                                                  (26, 21, 26), (27, 15, 27), (28, 12, 28), (29, 23, 29), (30, 16, 30);

-- SupportRequest
INSERT INTO support_request (id, supply, detail, status, activity_post_id) VALUES
                                                                               (1, '간식', '어르신들께 드릴 간식이 필요합니다.', 'APPROVED', 1),
                                                                               (2, '노트북', '교육용 노트북이 부족합니다.', 'PENDING', 2),
                                                                               (3, '쓰레기 봉투', '해변 정화 활동에 사용할 대용량 쓰레기 봉투가 필요합니다.', 'APPROVED', 3),
                                                                               (4, '안전 조끼', '아이들의 눈에 잘 띄는 안전 조끼가 필요합니다.', 'REJECTED', 4),
                                                                               (5, '한복', '외국인 주민들이 입어볼 한복이 필요합니다.', 'PENDING', 5),
                                                                               (6, '동화책', '아이들 독서 활동에 사용할 동화책이 필요합니다.', 'APPROVED', 6),
                                                                               (7, '휠체어', '노인분 진료 동행 시 휠체어가 부족합니다.', 'PENDING', 7),
                                                                               (8, '장갑', '숲 가꾸기 활동에 사용할 장갑이 필요합니다.', 'APPROVED', 8),
                                                                               (9, '리플렛', '교통 안전 홍보용 리플렛 인쇄가 필요합니다.', 'PENDING', 9),
                                                                               (10, '교재', '외국인 한국어 수업 교재가 필요합니다.', 'APPROVED', 10),
                                                                               (11, '물티슈', '민원 안내 시 위생용품이 필요합니다.', 'PENDING', 11),
                                                                               (12, '모자', '농작업 시 필요한 모자가 필요합니다.', 'APPROVED', 12),
                                                                               (13, '보냉백', '반찬 배달 보냉백이 필요합니다.', 'PENDING', 13),
                                                                               (14, '화이트보드', '멘토링용 화이트보드가 필요합니다.', 'APPROVED', 14),
                                                                               (15, '집게봉', '플로깅용 집게봉이 필요합니다.', 'PENDING', 15);
