INSERT INTO institution (id, name, email, password, phone_number, detail) VALUES
                                                                              (1, '하나금융', 'hana@hana.com', '$2a$10$YlakYH21qBT7qymZ4bJH7e7RUkERACdgBYSbQcU/RV8MM61KL3M3m', '010-1111-1111', '하나금융그룹입니다.'),
                                                                              (2, '네이버', 'naver@naver.com', '$2a$10$YlakYH21qBT7qymZ4bJH7e7RUkERACdgBYSbQcU/RV8MM61KL3M3m', '010-2222-2222', '네이버입니다.'),
                                                                              (3, '카카오', 'kakao@kakao.com', '$2a$10$YlakYH21qBT7qymZ4bJH7e7RUkERACdgBYSbQcU/RV8MM61KL3M3m', '010-5555-5555', '카카오입니다.'),
                                                                              (4, '삼성', 'ㅌsamsung@samsung.com', '$2a$10$YlakYH21qBT7qymZ4bJH7e7RUkERACdgBYSbQcU/RV8MM61KL3M3m', '010-6666-6666', '삼성입니다.'),
                                                                              (5, '개미인력', 'lg@lg.com', '$2a$10$YlakYH21qBT7qymZ4bJH7e7RUkERACdgBYSbQcU/RV8MM61KL3M3m', '010-7777-7777', '안녕하세요. 개미인력입니다.'),
                                                                              (6, '롯데', 'lotte@lotte.com', '$2a$10$YlakYH21qBT7qymZ4bJH7e7RUkERACdgBYSbQcU/RV8MM61KL3M3m', '010-1212-1212', '롯데그룹입니다.'),
                                                                              (7, '현대', 'hyundai@hyundai.com', '$2a$10$YlakYH21qBT7qymZ4bJH7e7RUkERACdgBYSbQcU/RV8MM61KL3M3m', '010-1313-1313', '현대자동차그룹입니다.'),
                                                                              (8, 'CJ', 'cj@cj.net', '$2a$10$YlakYH21qBT7qymZ4bJH7e7RUkERACdgBYSbQcU/RV8MM61KL3M3m', '010-1414-1414', 'CJ그룹입니다.'),
                                                                              (9, 'SK', 'sk@sk.com', '$2a$10$YlakYH21qBT7qymZ4bJH7e7RUkERACdgBYSbQcU/RV8MM61KL3M3m', '010-1515-1515', 'SK그룹입니다.'),
                                                                              (10, 'GS칼텍스', 'gs@gs.com', '$2a$10$YlakYH21qBT7qymZ4bJH7e7RUkERACdgBYSbQcU/RV8MM61KL3M3m', '010-1616-1616', 'GS칼텍스입니다.'),
                                                                              (11, '포스코', 'posco@posco.com', '$2a$10$YlakYH21qBT7qymZ4bJH7e7RUkERACdgBYSbQcU/RV8MM61KL3M3m', '010-1717-1717', '포스코입니다.'),
                                                                              (12, 'LG', 'lg2@lg.com', '$2a$10$YlakYH21qBT7qymZ4bJH7e7RUkERACdgBYSbQcU/RV8MM61KL3M3m', '010-1818-1818', 'LG그룹입니다.'),
                                                                              (13, 'KT', 'kt@kt.com', '$2a$10$YlakYH21qBT7qymZ4bJH7e7RUkERACdgBYSbQcU/RV8MM61KL3M3m', '010-1919-1919', 'KT입니다.'),
                                                                              (14, '한화', 'hanwha@hanwha.com', '$2a$10$YlakYH21qBT7qymZ4bJH7e7RUkERACdgBYSbQcU/RV8MM61KL3M3m', '010-2020-2020', '한화그룹입니다.'),
                                                                              (15, '신세계', 'shinsegae@ssg.com', '$2a$10$YlakYH21qBT7qymZ4bJH7e7RUkERACdgBYSbQcU/RV8MM61KL3M3m', '010-2121-2121', '신세계그룹입니다.');


INSERT INTO user (id, name, email, password, phone_number, total_hour, birthdate, is_kakao,profile_image, preferred_category) VALUES
                                                                                                                                  (1, '김영자', 'test@test', '$2a$10$YlakYH21qBT7qymZ4bJH7e7RUkERACdgBYSbQcU/RV8MM61KL3M3m', '010-3333-3333', 160, '1940-01-01', false,'https://ddabong-upload.s3.ap-northeast-2.amazonaws.com/uploads/db64bd2f-283f-474e-9726-91883d3241a0-image_user_1.jpeg','LIVING'),
                                                                                                                                  (2, '이숙자', 'lee@ddabong.com', '$2a$10$YlakYH21qBT7qymZ4bJH7e7RUkERACdgBYSbQcU/RV8MM61KL3M3m', '010-4444-4444', 120, '1960-05-05', true, 'https://ddabong-upload.s3.ap-northeast-2.amazonaws.com/uploads/11c30fe6-3baf-4381-a2e1-bde19d841a6a-image_user_2.jpeg','LIVING'),
                                                                                                                                  (3, '박영수', 'park@ddabong.com', '$2a$10$YlakYH21qBT7qymZ4bJH7e7RUkERACdgBYSbQcU/RV8MM61KL3M3m', '010-8888-8888', 5, '1969-02-10', false, 'https://ddabong-upload.s3.ap-northeast-2.amazonaws.com/uploads/771bba04-61f3-42c3-93af-60efbbf3ec15-image_user_3.jpeg','LIVING'),
                                                                                                                                  (4, '최병철', 'choi@ddabong.com', '$2a$10$YlakYH21qBT7qymZ4bJH7e7RUkERACdgBYSbQcU/RV8MM61KL3M3m', '010-9999-9999', 130, '1968-11-20', true, 'https://ddabong-upload.s3.ap-northeast-2.amazonaws.com/uploads/6f070d71-9a43-47bb-85cf-106229a5b79b-image_user_4.jpeg','LIVING'),
                                                                                                                                  (5, '정미자', 'jung@ddabong.com', '$2a$10$YlakYH21qBT7qymZ4bJH7e7RUkERACdgBYSbQcU/RV8MM61KL3M3m', '010-1010-1010', 15, '1959-07-07', false,'https://ddabong-upload.s3.ap-northeast-2.amazonaws.com/uploads/31675817-7a16-43b4-821a-d5e8a7fd587f-image_user_5.jpeg','LIVING'),
                                                                                                                                  (6, '강정숙', 'kang@ddabong.com', '$2a$10$YlakYH21qBT7qymZ4bJH7e7RUkERACdgBYSbQcU/RV8MM61KL3M3m', '010-2020-2020', 25, '1963-03-15', true,'https://ddabong-upload.s3.ap-northeast-2.amazonaws.com/uploads/32b6a95b-12fc-4efb-8b40-514cdf75fa39-image_user_6.jpeg','EDUCATION'),
                                                                                                                                  (7, '조순자', 'cho@ddabong.com', '$2a$10$YlakYH21qBT7qymZ4bJH7e7RUkERACdgBYSbQcU/RV8MM61KL3M3m', '010-3030-3030', 8, '1967-09-01', false,'https://ddabong-upload.s3.ap-northeast-2.amazonaws.com/uploads/ebcde202-4796-454f-94d0-5650b78ad375-image_user_7.jpeg','EDUCATION'),
                                                                                                                                  (8, '윤상호', 'yoon@ddabong.com', '$2a$10$YlakYH21qBT7qymZ4bJH7e7RUkERACdgBYSbQcU/RV8MM61KL3M3m', '010-4040-4040', 12, '1966-12-25', true,'https://ddabong-upload.s3.ap-northeast-2.amazonaws.com/uploads/57168d21-99ec-4bc5-8422-641f4466787f-image_user_8.jpeg','EDUCATION'),
                                                                                                                                  (9, '장정남', 'jang@ddabong.com', '$2a$10$YlakYH21qBT7qymZ4bJH7e7RUkERACdgBYSbQcU/RV8MM61KL3M3m', '010-5050-5050', 18, '1968-06-30', false,'https://ddabong-upload.s3.ap-northeast-2.amazonaws.com/uploads/a7bf3772-3eba-4e9a-acda-0612bf6d3afd-image_user_9.png','EDUCATION'),
                                                                                                                                  (10, '임영호', 'lim@ddabong.com', '$2a$10$YlakYH21qBT7qymZ4bJH7e7RUkERACdgBYSbQcU/RV8MM61KL3M3m', '010-6060-6060', 22, '1957-08-18', true,'https://ddabong-upload.s3.ap-northeast-2.amazonaws.com/uploads/bf5fbde7-f4e3-4dad-965d-9fd9e8fd2053-image_user_10.png','EDUCATION'),
                                                                                                                                  (11, '서명자', 'seo@ddabong.com', '$2a$10$YlakYH21qBT7qymZ4bJH7e7RUkERACdgBYSbQcU/RV8MM61KL3M3m', '010-7070-7070', 14, '1952-04-11', false,'https://ddabong-upload.s3.ap-northeast-2.amazonaws.com/uploads/94de5563-260f-41c9-be37-dff981513bf0-image_user_11.png','SAFETY'),
                                                                                                                                  (12, '남옥자', 'nam@ddabong.com', '$2a$10$YlakYH21qBT7qymZ4bJH7e7RUkERACdgBYSbQcU/RV8MM61KL3M3m', '010-8080-8080', 9, '1965-01-23', true,'https://ddabong-upload.s3.ap-northeast-2.amazonaws.com/uploads/cbd12ec0-746c-423f-9719-c378211d5528-image_user_12.png','SAFETY'),
                                                                                                                                  (13, '하춘자', 'ha@ddabong.com', '$2a$10$YlakYH21qBT7qymZ4bJH7e7RUkERACdgBYSbQcU/RV8MM61KL3M3m', '010-9090-9090', 16, '1967-10-05', false,'https://ddabong-upload.s3.ap-northeast-2.amazonaws.com/uploads/c63564b7-997c-4709-abc6-81b422e0e2a7-image_user_13.png','SAFETY'),
                                                                                                                                  (14, '오병기', 'oh@ddabong.com', '$2a$10$YlakYH21qBT7qymZ4bJH7e7RUkERACdgBYSbQcU/RV8MM61KL3M3m', '010-1112-1112', 28, '1987-05-19', true,'https://ddabong-upload.s3.ap-northeast-2.amazonaws.com/uploads/7edb4d83-5813-4032-8292-e9f73c086474-(Frame 2087326976.png)','SAFETY'),
                                                                                                                                  (15, '배옥수', 'bae@ddabong.com', '$2a$10$YlakYH21qBT7qymZ4bJH7e7RUkERACdgBYSbQcU/RV8MM61KL3M3m', '010-1314-1314', 6, '1971-09-09', false,'https://ddabong-upload.s3.ap-northeast-2.amazonaws.com/uploads/db64bd2f-283f-474e-9726-91883d3241a0-image_user_1.jpeg','SAFETY'),
                                                                                                                                  (16, '문성호', 'moon@ddabong.com', '$2a$10$YlakYH21qBT7qymZ4bJH7e7RUkERACdgBYSbQcU/RV8MM61KL3M3m', '010-1415-1415', 12, '1963-02-14', true,'https://ddabong-upload.s3.ap-northeast-2.amazonaws.com/uploads/11c30fe6-3baf-4381-a2e1-bde19d841a6a-image_user_2.jpeg','CULTURE'),
                                                                                                                                  (17, '신영숙', 'shin@ddabong.com', '$2a$10$YlakYH21qBT7qymZ4bJH7e7RUkERACdgBYSbQcU/RV8MM61KL3M3m', '010-1516-1516', 20, '1959-11-30', false,'https://ddabong-upload.s3.ap-northeast-2.amazonaws.com/uploads/771bba04-61f3-42c3-93af-60efbbf3ec15-image_user_3.jpeg','CULTURE'),
                                                                                                                                  (18, '안경자', 'ahn@ddabong.com', '$2a$10$YlakYH21qBT7qymZ4bJH7e7RUkERACdgBYSbQcU/RV8MM61KL3M3m', '010-1617-1617', 7, '1971-07-07', true,'https://ddabong-upload.s3.ap-northeast-2.amazonaws.com/uploads/6f070d71-9a43-47bb-85cf-106229a5b79b-image_user_4.jpeg','CULTURE'),
                                                                                                                                  (19, '유말자', 'yoo@ddabong.com', '$2a$10$YlakYH21qBT7qymZ4bJH7e7RUkERACdgBYSbQcU/RV8MM61KL3M3m', '010-1718-1718', 19, '1960-03-03', false,'https://ddabong-upload.s3.ap-northeast-2.amazonaws.com/uploads/31675817-7a16-43b4-821a-d5e8a7fd587f-image_user_5.jpeg','CULTURE'),
                                                                                                                                  (20, '노춘식', 'noh@ddabong.com', '$2a$10$YlakYH21qBT7qymZ4bJH7e7RUkERACdgBYSbQcU/RV8MM61KL3M3m', '010-1819-1819', 24, '1968-12-12', true,'https://ddabong-upload.s3.ap-northeast-2.amazonaws.com/uploads/32b6a95b-12fc-4efb-8b40-514cdf75fa39-image_user_6.jpeg','CULTURE'),
                                                                                                                                  (21, '길영식', 'gil@ddabong.com', '$2a$10$YlakYH21qBT7qymZ4bJH7e7RUkERACdgBYSbQcU/RV8MM61KL3M3m', '010-1920-1920', 11, '1957-06-06', false,'https://ddabong-upload.s3.ap-northeast-2.amazonaws.com/uploads/ebcde202-4796-454f-94d0-5650b78ad375-image_user_7.jpeg','ENVIRONMENT'),
                                                                                                                                  (22, '이만수', 'sky@ddabong.com', '$2a$10$YlakYH21qBT7qymZ4bJH7e7RUkERACdgBYSbQcU/RV8MM61KL3M3m', '010-2021-2021', 8, '1965-09-19', true,'https://ddabong-upload.s3.ap-northeast-2.amazonaws.com/uploads/57168d21-99ec-4bc5-8422-641f4466787f-image_user_8.jpeg','ENVIRONMENT'),
                                                                                                                                  (23, '최재만', 'sea@ddabong.com', '$2a$10$YlakYH21qBT7qymZ4bJH7e7RUkERACdgBYSbQcU/RV8MM61KL3M3m', '010-2122-2122', 17, '1967-04-22', false,'https://ddabong-upload.s3.ap-northeast-2.amazonaws.com/uploads/a7bf3772-3eba-4e9a-acda-0612bf6d3afd-image_user_9.png','ENVIRONMENT'),
                                                                                                                                  (24, '박희자', 'forest@ddabong.com', '$2a$10$YlakYH21qBT7qymZ4bJH7e7RUkERACdgBYSbQcU/RV8MM61KL3M3m', '010-2223-2223', 26, '1988-08-28', true,'https://ddabong-upload.s3.ap-northeast-2.amazonaws.com/uploads/bf5fbde7-f4e3-4dad-965d-9fd9e8fd2053-image_user_10.png','ENVIRONMENT'),
                                                                                                                                  (25, '김정자', 'mount@ddabong.com', '$2a$10$YlakYH21qBT7qymZ4bJH7e7RUkERACdgBYSbQcU/RV8MM61KL3M3m', '010-2324-2324', 13, '1966-01-17', false,'https://ddabong-upload.s3.ap-northeast-2.amazonaws.com/uploads/94de5563-260f-41c9-be37-dff981513bf0-image_user_11.png','ENVIRONMENT'),
                                                                                                                                  (26, '최인숙', 'field@ddabong.com', '$2a$10$YlakYH21qBT7qymZ4bJH7e7RUkERACdgBYSbQcU/RV8MM61KL3M3m', '010-2425-2425', 5, '1969-05-25', true,'https://ddabong-upload.s3.ap-northeast-2.amazonaws.com/uploads/cbd12ec0-746c-423f-9719-c378211d5528-image_user_12.png','PUBLIC'),
                                                                                                                                  (27, '박윤자', 'star@ddabong.com', '$2a$10$YlakYH21qBT7qymZ4bJH7e7RUkERACdgBYSbQcU/RV8MM61KL3M3m', '010-2526-2526', 31, '1964-03-09', false,'https://ddabong-upload.s3.ap-northeast-2.amazonaws.com/uploads/c63564b7-997c-4709-abc6-81b422e0e2a7-image_user_13.png','PUBLIC'),
                                                                                                                                  (28, '노용환', 'sun@ddabong.com', '$2a$10$YlakYH21qBT7qymZ4bJH7e7RUkERACdgBYSbQcU/RV8MM61KL3M3m', '010-2627-2627', 18, '1963-10-13', true,'https://ddabong-upload.s3.ap-northeast-2.amazonaws.com/uploads/7edb4d83-5813-4032-8292-e9f73c086474-(Frame 2087326976.png)','PUBLIC'),
                                                                                                                                  (29, '문명수', 'moon2@ddabong.com', '$2a$10$YlakYH21qBT7qymZ4bJH7e7RUkERACdgBYSbQcU/RV8MM61KL3M3m', '010-2728-2728', 22, '1952-02-02', false,'https://ddabong-upload.s3.ap-northeast-2.amazonaws.com/uploads/db64bd2f-283f-474e-9726-91883d3241a0-image_user_1.jpeg','PUBLIC'),
                                                                                                                                  (30, '권경호', 'cloud@ddabong.com', '$2a$10$YlakYH21qBT7qymZ4bJH7e7RUkERACdgBYSbQcU/RV8MM61KL3M3m', '010-2829-2829', 16, '1957-07-21', true,'https://ddabong-upload.s3.ap-northeast-2.amazonaws.com/uploads/11c30fe6-3baf-4381-a2e1-bde19d841a6a-image_user_2.jpeg','PUBLIC');



INSERT INTO activity (id, title, content, category, institution) VALUES
                                                                     (1, '독거노인 생활 지원', '독거노인 분들의 양치를 시켜드려요.', 'LIVING', 1),
                                                                     (2, '청소년 코딩 교육', '청소년들에게 코딩을 가르칩니다.', 'EDUCATION', 2),
                                                                     (3, '해변 정화 활동', '해변의 쓰레기를 줍습니다.', 'ENVIRONMENT', 3),
                                                                     (4, '어린이 안전 교육', '어린이들에게 안전 교육을 실시합니다.', 'SAFETY', 4),
                                                                     (5, '도시텃밭 가꾸기', '간단한 채소를 심고 물을 주는 활동', 'RURALAREA', 5),
                                                                     (6, '아동 독서 지도', '어린이들에게 독서를 지도합니다.', 'EDUCATION', 6),
                                                                     (7, '노인 병원 동행', '노인분들의 병원 진료를 함께합니다.', 'LIVING', 7),
                                                                     (8, '도시 숲 가꾸기', '도심 속 숲을 가꾸는 활동입니다.', 'ENVIRONMENT', 8),
                                                                     (9, '교통 질서 캠페인', '시민들에게 교통 질서의 중요성을 알립니다.', 'SAFETY', 9),
                                                                     (10, '외국인 한국어 교실', '외국인 주민들에게 한국어를 가르칩니다.', 'CULTURE', 10),
                                                                     (11, '민원 안내 지원', '주민센터에서 민원 안내를 지원합니다.', 'PUBLIC', 11),
                                                                     (12, '농촌 일손 돕기', '농번기 농촌 지역에서 일손을 돕습니다.', 'RURALAREA', 12),
                                                                     (13, '어르신 반찬 만들기', '어르신들을 위한 반찬을 조리합니다.', 'LIVING', 13),
                                                                     (14, '방과후 수학 멘토링', '청소년 수학 멘토링 프로그램입니다.', 'EDUCATION', 14),
                                                                     (15, '하천 정화 활동', '하천 주변 쓰레기를 수거합니다.', 'ENVIRONMENT', 15),
                                                                     (16, '생활 돌봄 데이', '취약계층 가정 방문 및 생활 지원', 'LIVING', 15),
                                                                     (17, '도서관 책 정리', '지역 도서관의 책 정리', 'PUBLIC', 5),
                                                                     (18, '이웃 안부 방문', '거동 불편 어르신 가정 방문 말벗 봉사', 'LIVING', 5),
                                                                     (19, '농촌 일손 돕기', '농번기 농촌 지역에서 일손 돕기', 'RURALAREA', 5),
                                                                     (20, '도심 하천 정화', '하천변 쓰레기 수거 및 분리', 'ENVIRONMENT', 5),
                                                                     (21, '사랑의 반찬 나눔', '이웃들에게 사랑의 도시락을 나눔', 'LIVING', 5),
                                                                     (22, '농가 일손 돕기(가을)', '수확철 농가 작황 보조', 'RURALAREA', 15);

INSERT INTO activity_post (id, title, content, start_at, end_at, recruitment_start, recruitment_end, is_accept, capacity, location, image_url, activity_id) VALUES
                                                                                                                                                                (1, '독거노인 방문 봉사', '홀로 생활하시는 어르신 댁을 직접 방문해 따뜻한 인사와 말벗이 되어드리는 봉사활동입니다.\n\n활동은 무거운 일을 하는 것이 아니라, 짧은 대화 나누기, 안부 확인, 생활 불편 사항을 함께 살펴드리는 것으로 진행됩니다.\n\n간단한 선물(과일, 간식, 생활용품 등)을 준비해 함께 전달하면 더욱 따뜻한 시간이 됩니다.\n\n정기적으로 방문해 안부를 묻는 것만으로도 어르신들께는 큰 힘이 되며, 외로움을 덜어드리고 정서적 안정을 드릴 수 있습니다.\n\n특별한 기술이나 체력이 필요하지 않고, 차분히 경청하고 마음을 나누려는 자세만 있으면 누구나 참여할 수 있습니다.\n\n💚하나은행이 맛있는 다과와 플랜카드를 지원해드립니다💚', '2025-09-01 10:00:00', '2025-09-01 12:00:00', '2025-08-20 09:00:00', '2025-08-31 18:00:00', true, 10, '서울시 성동구 노인복지회관', 'https://ddabong-upload.s3.ap-northeast-2.amazonaws.com/uploads/abbbe69a-308d-4b60-9874-7b5935046c7d-(Frame%202087327065.png)', 1),
                                                                                                                                                                (2, '코딩 멘토링', '청소년들에게 코딩 멘토링을 제공합니다.', '2025-09-10 14:00:00', '2025-09-10 16:00:00', '2025-08-25 09:00:00', '2025-09-05 18:00:00', true, 5, '경기도 성남시', 'https://ddabong-upload.s3.ap-northeast-2.amazonaws.com/uploads/abbbe69a-308d-4b60-9874-7b5935046c7d-(Frame%202087327065.png)', 2),
                                                                                                                                                                (3, '제주 해변 플로깅', '제주 해변에서 플로깅을 진행합니다.', '2025-09-15 09:00:00', '2025-09-15 11:00:00', '2025-09-01 09:00:00', '2025-09-10 18:00:00', true, 20, '제주시 한림읍', 'https://ddabong-upload.s3.ap-northeast-2.amazonaws.com/uploads/d497cf8b-158e-4f25-9879-71d0644e8a47-sea.jpg', 3),
                                                                                                                                                                (4, '초등학교 교통 안전 캠페인', '초등학생들의 등하굣길 교통 안전을 위한 캠페인을 진행합니다.', '2025-09-20 08:00:00', '2025-09-20 10:00:00', '2025-09-05 09:00:00', '2025-09-15 18:00:00', true, 15, '부산시 해운대구', 'https://ddabong-upload.s3.ap-northeast-2.amazonaws.com/uploads/be31640b-b809-465d-a613-9b9c400eff22-traffic.png', 4),
                                                                                                                                                                (5, '도시 텃밭 가꾸기 봉사자 모집 🌱', '우리 동네 한켠에 마련된 작은 도시 텃밭에서 함께 흙을 만지고, 씨앗을 심고, 채소를 가꾸어 보실 봉사자를 모집합니다.\n\n이번 활동은 누구나 쉽게 참여할 수 있도록 무거운 노동이 아닌 가벼운 물주기, 잡초 뽑기, 모종 심기 위주로 진행됩니다.\n\n참여하시는 어르신들께는 삽, 장갑, 모종통 등 필요한 도구와 음료가 모두 제공됩니다.활동을 통해 텃밭은 아름답게 가꾸어지고, 이웃 간의 정다운 교류도 이루어질 수 있습니다. 정성껏 키운 채소들은 지역 경로당이나 소외된 이웃에게 전달되어, 단순한 봉사를 넘어 나눔의 기쁨으로 이어질 예정입니다.\n\n흙 냄새 맡으며 마음도 치유하고, 이웃과 함께 땀 흘리며 이야기도 나누는 소중한 시간! 도시 속에서 자연을 느끼며 봉사의 즐거움을 함께 나눠요. \n\n💚하나은행이 맛있는 다과와 플랜카드를 지원해드립니다💚', '2025-09-25 13:00:00', '2025-09-25 16:00:00', '2025-09-10 09:00:00', '2025-09-20 18:00:00', true, 12, '서울시 용산구\n\n나눔텃밭', 'https://ddabong-upload.s3.ap-northeast-2.amazonaws.com/uploads/da61eabc-ac5d-4a7e-9751-d1285e70f863-dosi.png', 5),
                                                                                                                                                                (6, '아이들과 독서 시간', '도서관에서 아이들과 책을 읽습니다.', '2025-09-28 14:00:00', '2025-09-28 16:00:00', '2025-09-10 09:00:00', '2025-09-24 18:00:00', true, 12, '서울시 종로구 나눔아동센터', 'https://ddabong-upload.s3.ap-northeast-2.amazonaws.com/uploads/abbbe69a-308d-4b60-9874-7b5935046c7d-(Frame%202087327065.png)', 6),
                                                                                                                                                                (7, '노인 진료 동행', '어르신 병원 진료 동행 봉사입니다.', '2025-10-02 09:00:00', '2025-10-02 12:00:00', '2025-09-12 09:00:00', '2025-09-27 18:00:00', true, 8, '부산시 동래구', 'https://ddabong-upload.s3.ap-northeast-2.amazonaws.com/uploads/dd4bf2b1-9d11-42a8-9cba-0ffc10dc9d6a-hospital.png', 7),
                                                                                                                                                                (8, '도심 숲 정화', '도시 숲에서 쓰레기를 치우고 가꾸기 활동을 합니다.', '2025-10-05 10:00:00', '2025-10-05 13:00:00', '2025-09-15 09:00:00', '2025-09-30 18:00:00', true, 20, '인천시 남동구', 'https://ddabong-upload.s3.ap-northeast-2.amazonaws.com/uploads/abbbe69a-308d-4b60-9874-7b5935046c7d-(Frame%202087327065.png)', 8),
                                                                                                                                                                (9, '안전 캠페인 홍보', '교통안전 플래카드와 리플렛을 배포합니다.', '2025-10-08 15:00:00', '2025-10-08 17:00:00', '2025-09-18 09:00:00', '2025-10-03 18:00:00', true, 25, '경기도 고양시', 'https://ddabong-upload.s3.ap-northeast-2.amazonaws.com/uploads/abbbe69a-308d-4b60-9874-7b5935046c7d-(Frame%202087327065.png)', 9),
                                                                                                                                                                (10, '한국어 가르치기', '외국인에게 한국어 기초를 가르칩니다.', '2025-10-12 10:00:00', '2025-10-12 12:00:00', '2025-09-20 09:00:00', '2025-10-07 18:00:00', true, 15, '서울시 마포구', 'https://ddabong-upload.s3.ap-northeast-2.amazonaws.com/uploads/abbbe69a-308d-4b60-9874-7b5935046c7d-(Frame%202087327065.png)', 10),
                                                                                                                                                                (11, '민원 안내 도우미', '주민센터 민원 안내 지원.', '2025-10-14 13:00:00', '2025-10-14 16:00:00', '2025-09-22 09:00:00', '2025-10-09 18:00:00', true, 10, '포항시 남구 주민센터', 'https://ddabong-upload.s3.ap-northeast-2.amazonaws.com/uploads/5402a69b-42d9-4fd0-a60f-7cacbe255b41-jumin.png', 11),
                                                                                                                                                                (12, '가을 농촌 봉사', '농작물 수확 보조 활동입니다.', '2025-10-18 09:00:00', '2025-10-18 17:00:00', '2025-09-25 09:00:00', '2025-10-13 18:00:00', true, 22, '전주시 덕진구', 'https://ddabong-upload.s3.ap-northeast-2.amazonaws.com/uploads/8c559632-2aed-4b91-92f1-4710204c6c69-fallfarm.png', 12),
                                                                                                                                                                (13, '어르신 반찬 포장', '조리된 반찬을 포장/배달합니다.', '2025-10-20 13:00:00', '2025-10-20 16:00:00', '2025-09-28 09:00:00', '2025-10-15 18:00:00', true, 12, '대구시 수성구', 'https://ddabong-upload.s3.ap-northeast-2.amazonaws.com/uploads/abbbe69a-308d-4b60-9874-7b5935046c7d-(Frame%202087327065.png)', 13),
                                                                                                                                                                (14, '수학 멘토링 데이', '중학생 대상 수학 집중 멘토링.', '2025-10-22 10:00:00', '2025-10-22 12:30:00', '2025-10-01 09:00:00', '2025-10-17 18:00:00', true, 18, '대전시 서구', 'https://ddabong-upload.s3.ap-northeast-2.amazonaws.com/uploads/424e0ffa-ceb1-42e4-b536-635c4c96d22c-math.png', 14),
                                                                                                                                                                (15, '하천 플로깅', '하천변 플로깅을 진행합니다.', '2025-10-26 08:00:00', '2025-10-26 11:00:00', '2025-10-03 09:00:00', '2025-10-21 18:00:00', true, 20, '광주시 북구 하천', 'https://ddabong-upload.s3.ap-northeast-2.amazonaws.com/uploads/abbbe69a-308d-4b60-9874-7b5935046c7d-(Frame%202087327065.png)', 15),
                                                                                                                                                                (16, '길거리 쓰레기 줍기 봉사', '깨끗한 거리를 만들기 위해 함께해요!\n\n시민들이 매일 오가는 길목에서 버려진 쓰레기를 직접 줍고, 쾌적한 환경을 만들어가는 봉사활동입니다.\n\n작은 행동 하나가 우리 동네를 더 살기 좋은 곳으로 바꿉니다.\n\n가벼운 마음으로 참여하셔도 좋습니다. 주최 측에서 장갑과 쓰레기 봉투를 제공하며, 편한 복장과 운동화만 준비해 주시면 됩니다.\n\n🌱 함께 걷고, 줍고, 웃으며\n우리 동네를 밝고 깨끗하게 만들어가요!\n\n💚하나은행이 커피차를 지원드립니다💚', '2025-10-03 10:00:00', '2025-10-03 12:00:00', '2025-09-15 09:00:00', '2025-09-29 18:00:00', true, 10, '서울시 남산 산책로', 'https://ddabong-upload.s3.ap-northeast-2.amazonaws.com/uploads/1127cd59-5147-4541-8961-bdfb6ab8139c-trash.jpeg', 16),
                                                                                                                                                                (17, '하늘 도서관 책 정리 봉사자 모집📚', '지역 주민들이 자주 이용하는 작은 도서관에서 책을 정리해 주실 봉사자를 모집합니다.\n\n이번 활동은 힘든 노동이나 복잡한 작업이 필요하지 않고, 반납된 책을 제자리에 꽂아 넣거나 표지를 닦고, 라벨이 잘 붙어 있는지 확인하는 간단한 활동이 중심입니다.\n\n작업은 주로 실내에서 앉거나 가볍게 움직이며 진행되며, 담당 직원이 함께하여 안내해 드리니 처음 참여하시는 분도 어렵지 않게 하실 수 있습니다.\n\n책을 정리하면서 자연스럽게 다양한 책들을 접할 수 있어 지적 호기심도 충족되고, 차분한 도서관 분위기 속에서 봉사하는 보람을 느끼실 수 있습니다.\n\n정리된 도서관은 아이들과 주민들이 쾌적하게 이용할 수 있으며, 봉사자분들의 손길이 곧 지역 사회의 지식 나눔으로 이어집니다.\n\n💚하나은행이 맛있는 다과를 지원해드립니다💚', '2025-10-07 19:00:00', '2025-10-07 21:00:00', '2025-09-18 09:00:00', '2025-10-02 18:00:00', true, 5, '서울시 강남구 하늘도서관', 'https://ddabong-upload.s3.ap-northeast-2.amazonaws.com/uploads/1410f1d5-0df4-44ad-959c-9e86b2b849e5-library.png', 17),
                                                                                                                                                                (18, '이웃 안부 방문', '거동이 불편한 어르신 댁을 직접 찾아가 따뜻한 안부를 묻고 말벗이 되어드리는 봉사입니다.\n\n간단한 안부 인사와 함께 필요한 생활 정보나 도움을 연결해 드리며, 외로움 해소와 정서적 지지를 드리는 것을 목표로 합니다.\n\n특별한 기술이 필요하지 않고, 차분히 대화를 나누며 따뜻한 마음을 전하는 것만으로도 충분한 봉사가 됩니다.\n\n💚하나은행이 맛있는 다과를 지원해드립니다💚', '2025-10-11 14:00:00', '2025-10-11 17:00:00', '2025-09-20 09:00:00', '2025-10-06 18:00:00', true, 16, '서울시 종로구 주민센터', 'https://ddabong-upload.s3.ap-northeast-2.amazonaws.com/uploads/0212b0e7-19ad-4541-b798-fb4d2436a7db-visit.png', 18),
                                                                                                                                                                (19, '농촌 일손 돕기 봉사-순천', '바쁜 농번기에 일손이 부족한 농가를 도와드리는 봉사활동입니다.\n\n무거운 일을 맡기보다는, 수확물 선별·포장, 상자 라벨 붙이기, 간단한 채소 다듬기와 같이 가벼운 작업 위주로 진행됩니다.\n\n참여하시는 분들께는 장갑과 간단한 도구가 제공되며, 안전을 위해 작업 전 담당자의 안내를 받게 됩니다.\n\n작업은 주로 앉아서 하거나 짧은 시간 서서 할 수 있는 일로 구성되어 있어 누구나 부담 없이 참여할 수 있습니다.\n\n농촌을 도우면서도 건강한 농산물이 우리의 식탁에 오르는 과정을 체험할 수 있고, 농가와 따뜻한 교류도 나눌 수 있는 소중한 시간이 될 것입니다.\n\n💚하나은행이 이동을 위한 버스와 멋진 플랜카드를 지원해드립니다💚', '2025-10-15 11:00:00', '2025-10-15 14:00:00', '2025-09-25 09:00:00', '2025-10-10 18:00:00', true, 30, '전라남도 순천', 'https://ddabong-upload.s3.ap-northeast-2.amazonaws.com/uploads/7ea468e0-e2b6-4b0b-8c84-42761375974e-farm1.png', 19),
                                                                                                                                                                (20, '하천 플로깅 데이', '맑은 하천을 지키고, 깨끗한 마을 환경을 만드는 하천 플로깅 봉사활동에 함께해 주세요.\n\n이번 활동은 하천 산책로를 천천히 걸으며 쓰레기를 집게와 봉투에 담는 가벼운 환경 정화 활동으로, 누구나 부담 없이 참여하실 수 있습니다.\n\n플로깅(plogging)은 ‘이삭 줍기’라는 뜻의 스웨덴어 plocka upp와 ‘달리기’를 뜻하는 jogging의 합성어로, 가벼운 운동과 환경 보호를 동시에 실천하는 활동입니다.\n\n우리 활동은 달리기보다는 천천히 걷기 중심이라 시니어 봉사자도 함께 하실 수 있습니다.\n\n참여자에게는 쓰레기 집게, 장갑, 전용 봉투 등이 제공되며, 안전을 위해 담당자의 안내와 간단한 안전 교육 후 진행됩니다.\n\n깨끗해진 하천을 바라보며 뿌듯함을 느끼고, 이웃과 함께 산책하며 이야기 나누는 즐거움도 얻으실 수 있습니다.\n\n💚하나은행이 멋진 플랜카드를 지원해드립니다💚', '2025-07-19 09:00:00', '2025-07-19 12:00:00', '2025-06-01 09:00:00', '2025-06-30 18:00:00', true, 25, '서울시 서초구 하천 산책로', 'https://ddabong-upload.s3.ap-northeast-2.amazonaws.com/uploads/1aad36a3-3b19-483b-a382-a725f61def1b-hachoon.png', 20),
                                                                                                                                                                (21, '사랑의 도시락 나눔 봉사🍱', '정성껏 준비한 따뜻한 반찬을 용기에 담아 이웃들에게 전달하는 봉사활동입니다.\n\n무거운 조리 과정은 제외하고, 소분·라벨 붙이기·포장과 같은 가벼운 활동 위주로 진행됩니다.\n\n완성된 반찬은 독거 어르신, 홀몸 어르신 등 도움이 필요한 분들께 전달되어 마음을 나누고 이웃 간 정을 이어가는 따뜻한 봉사가 됩니다.\n\n💚하나은행이 이동을 위한 버스를 지원해드립니다💚', '2025-10-23 13:00:00', '2025-10-23 17:00:00', '2025-10-01 09:00:00', '2025-10-18 18:00:00', true, 8, '서울시 동대문구 동사무소', 'https://ddabong-upload.s3.ap-northeast-2.amazonaws.com/uploads/573949c2-7a8c-4484-889a-402d740ec1b9-dosirack.png', 21),
                                                                                                                                                                (22, '사과 농장 도우미', '가을 햇살 아래 탐스럽게 익은 사과를 수확하는 농가를 도와드리는 봉사활동입니다.\n\n이번 활동은 무거운 일을 맡기기보다는 수확한 사과를 바구니에 담아 옮기기, 크기별로 분류하기, 상자에 포장하기와 같은 가벼운 작업 위주로 진행됩니다.\n\n참여자분들께는 장갑과 간단한 도구가 제공되며, 작업 전 안전 교육이 이루어집니다.\n\n농촌의 부족한 일손을 보탬과 동시에, 직접 수확의 기쁨을 맛볼 수 있는 의미 있는 시간이 될 것입니다.\n\n활동 중에는 쉬는 시간을 충분히 갖고, 신선한 사과를 시식하는 작은 체험도 마련되어 있습니다.\n\n수확된 사과는 지역사회와 함께 나눔으로 이어져 이웃과 농가 모두가 행복해지는 봉사가 됩니다.', '2025-10-27 09:00:00', '2025-10-27 17:00:00', '2025-10-05 09:00:00', '2025-10-22 18:00:00', true, 18, '경기도 남양주시 행복사과농장', 'https://ddabong-upload.s3.ap-northeast-2.amazonaws.com/uploads/1287ac8b-364c-49ca-a14f-841b25687d25-apple.png', 22),
                                                                                                                                                                (23, '책 읽어주기 봉사', '아이들과 함께 책을 읽으며 정서적 교류를 나누는 따뜻한 봉사활동입니다.\n\n참여하시는 봉사자분들은 어린이집·지역아동센터 등을 방문하여 그림책이나 동화책을 큰 소리로 읽어주고, 아이들과 간단한 대화를 나누게 됩니다.\n\n책 읽어주기는 단순히 글을 전달하는 것에 그치지 않고, 아이들에게 책에 대한 흥미와 올바른 독서 습관을 길러줄 수 있습니다. 또한 시니어 봉사자분들에게는 아이들과 소통하며 삶의 활력을 얻을 수 있는 뜻깊은 시간이 됩니다.\n\n활동 전 담당 교사가 책을 선정하고 간단한 안내를 드리니, 처음 참여하시는 분도 부담 없이 시작할 수 있습니다. 따뜻한 목소리와 천천히 읽어주려는 마음만 준비해 오시면 됩니다.\n\n💚하나은행이 맛있는 다과를 지원해드립니다💚', '2025-11-01 19:00:00', '2025-11-01 21:00:00', '2025-10-10 09:00:00', '2025-10-27 18:00:00', false, 6, '서울시 은평구 행복어린이집', 'https://ddabong-upload.s3.ap-northeast-2.amazonaws.com/uploads/35de1a40-0ff6-4512-b558-26ba819c1fd5-book.png', 16),
                                                                                                                                                                (24, '행복의 편지쓰기 봉사', '외로움과 정서적 공백을 느끼는 이웃들에게 따뜻한 손편지를 전하는 봉사활동입니다.\n\n참여자분들은 준비된 편지지와 엽서에 짧은 안부 인사, 계절 인사, 응원의 메시지를 작성하게 됩니다.\n\n편지는 독거 어르신, 시설 생활인, 또는 돌봄이 필요한 이웃에게 전달되어 마음의 위로와 따뜻한 정을 나누는 매개체가 됩니다.\n\n특별한 문장력이 없어도 괜찮습니다. 진심 어린 한마디 “오늘도 건강하세요” 만으로도 큰 힘이 됩니다.\n\n활동은 실내에서 앉아서 진행되며, 글씨를 쓰기 어려우신 분들은 그림 그리기·스티커 붙이기 같은 간단한 장식 활동으로도 참여하실 수 있습니다.\n\n💚하나은행이 맛있는 다과를 지원해드립니다💚', '2025-11-04 19:30:00', '2025-11-04 21:00:00', '2025-10-12 09:00:00', '2025-10-30 18:00:00', true, 24, '서울시 마포구 주민센터', 'https://ddabong-upload.s3.ap-northeast-2.amazonaws.com/uploads/4df9f313-8af8-4564-85da-1686780fa4dd-lette.png', 11),
                                                                                                                                                                (25, '봄-농촌 일손 돕기 봉사', '따뜻한 봄 햇살 아래, 농촌에서 새로운 한 해의 시작을 함께할 봉사자를 모집합니다.\n\n이번 활동은 무거운 농사일이 아닌, 씨앗 뿌리기, 모종 심기, 밭 주변 정리와 같이 가벼운 작업으로 구성되어 있어 누구나 참여하기 좋습니다.\n\n작업 전 담당자의 간단한 안내가 있으며, 장갑·모종삽·물통 등 필요한 도구는 모두 제공됩니다.\n\n봄의 신선한 공기를 마시며 자연 속에서 몸을 움직이는 즐거움과 함께, 농촌의 일손 부족을 덜어드릴 수 있는 의미 있는 시간이 될 것입니다.\n\n정성껏 심은 씨앗과 모종은 자라서 여름과 가을에 마을 주민들과 나누게 될 예정입니다. 봉사자분들의 따뜻한 손길이 농촌의 희망을 키우는 밑거름이 됩니다.\n\n💚하나은행이 이동을 위한 버스와 멋진 플랜카드를 지원해드립니다💚', '2025-03-01 10:00:00', '2025-03-01 21:00:00', '2025-02-01 09:00:00', '2025-02-28 18:00:00', true, 20, '경기도 사리구 옥수수농장', 'https://ddabong-upload.s3.ap-northeast-2.amazonaws.com/uploads/1d84e1f5-286a-4952-a260-e2b719c957cf-farm2.png', 19);

INSERT INTO applicant (id, hours, status, user_id, activity_post_id) VALUES
                                                                         (1, 2.00, 'APPROVED', 1, 1),
                                                                         (2, 2.00, 'APPROVED', 2, 1),
                                                                         (3, 2.00, 'APPROVED', 2, 2),
                                                                         (4, 2.00, 'APPROVED', 3, 3),
                                                                         (5, 2.00, 'REJECTED', 4, 3),
                                                                         (6, 2.00, 'APPROVED', 5, 4),
                                                                         (7, 3.00, 'PENDING', 6, 5),
                                                                         (8, 3.00, 'APPROVED', 7, 5),
                                                                         (9, 2.00, 'APPROVED', 8, 1),
                                                                         (10, 2.00, 'PENDING', 9, 2),
                                                                         (11, 2.00, 'APPROVED', 10, 3),
                                                                         (12, 2.00, 'PENDING', 11, 6),
                                                                         (13, 3.00, 'APPROVED', 12, 7),
                                                                         (14, 2.00, 'REJECTED', 13, 8),
                                                                         (15, 4.00, 'APPROVED', 14, 9),
                                                                         (16, 2.00, 'PENDING', 15, 10),
                                                                         (17, 3.00, 'APPROVED', 16, 11),
                                                                         (18, 2.00, 'APPROVED', 17, 12),
                                                                         (19, 3.00, 'PENDING', 18, 13),
                                                                         (20, 2.00, 'APPROVED', 19, 14),
                                                                         (21, 3.00, 'REJECTED', 20, 15),
                                                                         (22, 2.00, 'PENDING', 21, 6),
                                                                         (23, 3.00, 'APPROVED', 22, 7),
                                                                         (24, 2.00, 'APPROVED', 23, 8),
                                                                         (25, 3.00, 'PENDING', 24, 9),
                                                                         (26, 2.00, 'APPROVED', 25, 10),
                                                                         (27, 3.00, 'REJECTED', 26, 11),
                                                                         (28, 2.00, 'APPROVED', 27, 12),
                                                                         (29, 3.00, 'PENDING', 28, 13),
                                                                         (30, 2.00, 'APPROVED', 29, 14),
                                                                         (31, 3.00, 'APPROVED', 30, 15),
                                                                         (32, 2.00, 'PENDING', 5, 6),
                                                                         (33, 2.00, 'REJECTED', 8, 7),
                                                                         (34, 2.00, 'APPROVED', 1, 16),
                                                                         (35, 3.00, 'PENDING', 1, 17),
                                                                         (36, 2.00, 'APPROVED', 1, 18),
                                                                         (37, 3.00, 'APPROVED', 1, 19),
                                                                         (38, 2.00, 'APPROVED', 1, 20),
                                                                         (39, 4.00, 'APPROVED', 1, 21),
                                                                         (40, 4.00, 'PENDING', 1, 22),
                                                                         (41, 2.00, 'APPROVED', 1, 23),
                                                                         (42, 2.00, 'APPROVED', 1, 24),
                                                                         (43, 3.00, 'APPROVED', 1, 25),
                                                                         (44, 2.00, 'APPROVED', 11, 16),
                                                                         (45, 2.00, 'PENDING', 12, 17),
                                                                         (46, 2.50, 'APPROVED', 13, 18),
                                                                         (47, 3.00, 'PENDING', 14, 19),
                                                                         (48, 2.00, 'APPROVED', 15, 20),
                                                                         (49, 3.00, 'APPROVED', 16, 21),
                                                                         (50, 2.00, 'PENDING', 17, 22),
                                                                         (51, 3.00, 'APPROVED', 18, 24),
                                                                         (52, 2.00, 'APPROVED', 19, 25),
                                                                         (53, 2.00, 'APPROVED', 2, 16),
                                                                         (54, 3.00, 'PENDING', 2, 17),
                                                                         (55, 2.00, 'APPROVED', 2, 18),
                                                                         (56, 3.00, 'APPROVED', 2, 19),
                                                                         (57, 2.00, 'APPROVED', 2, 20),
                                                                         (58, 2.00, 'APPROVED', 3, 16),
                                                                         (59, 3.00, 'PENDING', 3, 17),
                                                                         (60, 2.00, 'REJECTED', 3, 18),
                                                                         (61, 3.00, 'APPROVED', 3, 19),
                                                                         (62, 2.00, 'APPROVED', 3, 20),
                                                                         (63, 2.00, 'APPROVED', 4, 16),
                                                                         (64, 3.00, 'PENDING', 4, 17),
                                                                         (65, 2.00, 'REJECTED', 4, 18),
                                                                         (66, 3.00, 'APPROVED', 4, 19),
                                                                         (67, 2.00, 'APPROVED', 4, 20),
                                                                         (68, 2.00, 'APPROVED', 5, 16),
                                                                         (69, 3.00, 'PENDING', 5, 17),
                                                                         (70, 2.00, 'REJECTED', 5, 18),
                                                                         (71, 3.00, 'APPROVED', 5, 19),
                                                                         (72, 2.00, 'APPROVED', 5, 20),
                                                                         (73, 2.00, 'APPROVED', 6, 16),
                                                                         (74, 3.00, 'PENDING', 6, 17),
                                                                         (75, 2.00, 'REJECTED', 6, 18),
                                                                         (76, 3.00, 'APPROVED', 6, 19),
                                                                         (77, 2.00, 'APPROVED', 6, 20),
                                                                         (78, 2.00, 'APPROVED', 7, 16),
                                                                         (79, 3.00, 'PENDING', 7, 17),
                                                                         (80, 2.00, 'REJECTED', 7, 18),
                                                                         (81, 3.00, 'APPROVED', 7, 19),
                                                                         (82, 2.00, 'REJECTED', 7, 20),
                                                                         (83, 2.00, 'APPROVED', 8, 16),
                                                                         (84, 3.00, 'PENDING', 8, 17),
                                                                         (85, 2.00, 'REJECTED', 8, 18),
                                                                         (86, 3.00, 'APPROVED', 8, 19),
                                                                         (87, 2.00, 'REJECTED', 8, 20),
                                                                         (88, 2.00, 'APPROVED', 9, 16),
                                                                         (89, 3.00, 'PENDING', 9, 17),
                                                                         (90, 2.00, 'REJECTED', 9, 18),
                                                                         (91, 3.00, 'APPROVED', 9, 19),
                                                                         (92, 2.00, 'REJECTED', 9, 20),
                                                                         (93, 2.00, 'APPROVED', 10, 16),
                                                                         (94, 3.00, 'PENDING', 10, 17),
                                                                         (95, 2.00, 'REJECTED', 10, 18),
                                                                         (96, 3.00, 'APPROVED', 10, 19),
                                                                         (97, 2.00, 'REJECTED', 10, 20),
                                                                         (98, 2.00, 'APPROVED', 11, 16),
                                                                         (99, 3.00, 'PENDING', 11, 17),
                                                                         (100, 2.00, 'REJECTED', 11, 18),
                                                                         (101, 3.00, 'APPROVED', 11, 19),
                                                                         (102, 2.00, 'APPROVED', 11, 20),
                                                                         (103, 2.00, 'APPROVED', 12, 16),
                                                                         (104, 3.00, 'PENDING', 12, 17),
                                                                         (105, 2.00, 'REJECTED', 12, 18),
                                                                         (106, 3.00, 'APPROVED', 12, 19),
                                                                         (107, 2.00, 'APPROVED', 12, 20),
                                                                         (108, 2.00, 'APPROVED', 13, 16),
                                                                         (109, 3.00, 'PENDING', 13, 17),
                                                                         (110, 2.00, 'REJECTED', 13, 18),
                                                                         (111, 3.00, 'APPROVED', 13, 19),
                                                                         (112, 2.00, 'APPROVED', 13, 20),
                                                                         (113, 2.00, 'APPROVED', 14, 16),
                                                                         (114, 3.00, 'PENDING', 14, 17),
                                                                         (115, 2.00, 'REJECTED', 14, 18),
                                                                         (116, 3.00, 'APPROVED', 14, 19),
                                                                         (117, 2.00, 'APPROVED', 14, 20),
                                                                         (118, 2.00, 'APPROVED', 15, 16),
                                                                         (119, 3.00, 'PENDING', 15, 17),
                                                                         (120, 2.00, 'REJECTED', 15, 18),
                                                                         (121, 3.00, 'APPROVED', 15, 19),
                                                                         (122, 2.00, 'APPROVED', 15, 20),
                                                                         (123, 2.00, 'APPROVED', 16, 16),
                                                                         (124, 3.00, 'PENDING', 16, 17),
                                                                         (125, 2.00, 'REJECTED', 16, 18),
                                                                         (126, 3.00, 'APPROVED', 16, 19),
                                                                         (127, 2.00, 'APPROVED', 16, 20),
                                                                         (128, 2.00, 'APPROVED', 17, 16),
                                                                         (129, 3.00, 'PENDING', 17, 17),
                                                                         (130, 2.00, 'REJECTED', 17, 18),
                                                                         (131, 3.00, 'APPROVED', 17, 19),
                                                                         (132, 2.00, 'PENDING', 17, 20),
                                                                         (133, 2.00, 'APPROVED', 18, 16),
                                                                         (134, 3.00, 'PENDING', 18, 17),
                                                                         (135, 2.00, 'REJECTED', 18, 18),
                                                                         (136, 3.00, 'APPROVED', 18, 19),
                                                                         (137, 2.00, 'PENDING', 18, 20),
                                                                         (138, 2.00, 'APPROVED', 19, 16),
                                                                         (139, 3.00, 'PENDING', 19, 17),
                                                                         (140, 2.00, 'REJECTED', 19, 18),
                                                                         (141, 3.00, 'APPROVED', 19, 19),
                                                                         (142, 2.00, 'REJECTED', 19, 20),
                                                                         (143, 2.00, 'APPROVED', 20, 16),
                                                                         (144, 3.00, 'PENDING', 20, 17),
                                                                         (145, 2.00, 'REJECTED', 20, 18),
                                                                         (146, 3.00, 'APPROVED', 20, 19),
                                                                         (147, 2.00, 'REJECTED', 20, 20),
                                                                         (148, 2.00, 'APPROVED', 21, 16),
                                                                         (149, 3.00, 'PENDING', 21, 17),
                                                                         (150, 2.00, 'REJECTED', 21, 18),
                                                                         (151, 3.00, 'APPROVED', 21, 19),
                                                                         (152, 2.00, 'REJECTED', 21, 20),
                                                                         (153, 2.00, 'APPROVED', 22, 16),
                                                                         (154, 3.00, 'PENDING', 22, 17),
                                                                         (155, 2.00, 'REJECTED', 22, 18),
                                                                         (156, 3.00, 'APPROVED', 22, 19),
                                                                         (157, 2.00, 'REJECTED', 22, 20),
                                                                         (158, 2.00, 'APPROVED', 23, 16),
                                                                         (159, 3.00, 'PENDING', 23, 17),
                                                                         (160, 2.00, 'REJECTED', 23, 18),
                                                                         (161, 3.00, 'APPROVED', 23, 19),
                                                                         (162, 2.00, 'REJECTED', 23, 20),
                                                                         (163, 2.00, 'APPROVED', 24, 16),
                                                                         (164, 3.00, 'PENDING', 24, 17),
                                                                         (165, 2.00, 'REJECTED', 24, 18),
                                                                         (166, 3.00, 'APPROVED', 24, 19),
                                                                         (167, 2.00, 'REJECTED', 24, 20),
                                                                         (168, 2.00, 'APPROVED', 25, 16),
                                                                         (169, 3.00, 'PENDING', 25, 17),
                                                                         (170, 2.00, 'REJECTED', 25, 18),
                                                                         (171, 3.00, 'APPROVED', 25, 19),
                                                                         (172, 2.00, 'REJECTED', 25, 20),
                                                                         (173, 2.00, 'APPROVED', 26, 16),
                                                                         (174, 3.00, 'PENDING', 26, 17),
                                                                         (175, 2.00, 'REJECTED', 26, 18),
                                                                         (176, 3.00, 'APPROVED', 26, 19),
                                                                         (177, 2.00, 'REJECTED', 26, 20),
                                                                         (178, 2.00, 'APPROVED', 27, 16),
                                                                         (179, 3.00, 'PENDING', 27, 17),
                                                                         (180, 2.00, 'REJECTED', 27, 18),
                                                                         (181, 3.00, 'APPROVED', 27, 19),
                                                                         (182, 2.00, 'REJECTED', 27, 20),
                                                                         (183, 2.00, 'APPROVED', 28, 16),
                                                                         (184, 3.00, 'PENDING', 28, 17),
                                                                         (185, 2.00, 'REJECTED', 28, 18),
                                                                         (186, 3.00, 'APPROVED', 28, 19),
                                                                         (187, 2.00, 'REJECTED', 28, 20),
                                                                         (188, 2.00, 'APPROVED', 29, 16),
                                                                         (189, 3.00, 'PENDING', 29, 17),
                                                                         (190, 2.00, 'REJECTED', 29, 18),
                                                                         (191, 3.00, 'APPROVED', 29, 19),
                                                                         (192, 2.00, 'APPROVED', 29, 20),
                                                                         (193, 2.00, 'APPROVED', 30, 16),
                                                                         (194, 3.00, 'PENDING', 30, 17),
                                                                         (195, 2.00, 'REJECTED', 30, 18),
                                                                         (196, 3.00, 'APPROVED', 30, 19),
                                                                         (197, 2.00, 'APPROVED', 30, 20);


INSERT INTO likes (id, user_id, activity_post_id) VALUES
                                                      (1, 1, 2), (2, 2, 1), (3, 3, 4), (4, 4, 5), (5, 5, 3),
                                                      (6, 6, 1), (7, 7, 2), (8, 8, 5), (9, 9, 4), (10, 10, 1),(11, 11, 6), (12, 12, 7), (13, 13, 8), (14, 14, 9), (15, 15, 10),
                                                      (16, 16, 11), (17, 17, 12), (18, 18, 13), (19, 19, 14), (20, 20, 15),
                                                      (21, 21, 6), (22, 22, 7), (23, 23, 8), (24, 24, 9), (25, 25, 10),
                                                      (26, 26, 11), (27, 27, 12), (28, 28, 13), (29, 29, 14), (30, 30, 15),
                                                      (31, 1, 16), (32, 1, 17), (33, 1, 18), (34, 1, 19), (35, 1, 20),
                                                      (36, 1, 21), (37, 1, 22), (38, 1, 24), (39, 1, 25),
                                                      (40, 12, 16), (41, 13, 17), (42, 14, 18), (43, 15, 19), (44, 16, 20);

INSERT INTO activity_review (id, rate, content, image_url, activity_id, user_id) VALUES
                                                                                     (1, 5, '다음에도 꼭 참여하고 싶어요.', 'https://ddabong-upload.s3.ap-northeast-2.amazonaws.com/uploads/%E1%84%8E%E1%85%A9%E1%84%89%E1%85%AE%E1%84%87%E1%85%B5.jpg', 1, 1),
                                                                                     (2, 4, '아이들과 교감할 수 있어 행복했습니다.', 'https://ddabong-upload.s3.ap-northeast-2.amazonaws.com/uploads/%E1%84%8E%E1%85%A9%E1%84%89%E1%85%AE%E1%84%87%E1%85%B5.jpg', 1, 2),
                                                                                     (3, 5, '환경 보호의 중요성을 다시 느꼈습니다.', 'https://ddabong-upload.s3.ap-northeast-2.amazonaws.com/uploads/%E1%84%8E%E1%85%A9%E1%84%89%E1%85%AE%E1%84%87%E1%85%B5.jpg', 1, 3),
                                                                                     (4, 4, '운영이 체계적이라 편했습니다.', 'https://ddabong-upload.s3.ap-northeast-2.amazonaws.com/uploads/%E1%84%8E%E1%85%A9%E1%84%89%E1%85%AE%E1%84%87%E1%85%B5.jpg', 1, 4),
                                                                                     (5, 5, '시간이 금방 지나갔습니다.', 'https://ddabong-upload.s3.ap-northeast-2.amazonaws.com/uploads/%E1%84%8E%E1%85%A9%E1%84%89%E1%85%AE%E1%84%87%E1%85%B5.jpg', 1, 5),
                                                                                     (6, 5, '아이들과 교감할 수 있어 행복했습니다.', 'https://ddabong-upload.s3.ap-northeast-2.amazonaws.com/uploads/%E1%84%8E%E1%85%A9%E1%84%89%E1%85%AE%E1%84%87%E1%85%B5.jpg', 2, 6),
                                                                                     (7, 4, '환경 보호의 중요성을 다시 느꼈습니다.', 'https://ddabong-upload.s3.ap-northeast-2.amazonaws.com/uploads/%E1%84%8E%E1%85%A9%E1%84%89%E1%85%AE%E1%84%87%E1%85%B5.jpg', 2, 7),
                                                                                     (8, 5, '운영이 체계적이라 편했습니다.', 'https://ddabong-upload.s3.ap-northeast-2.amazonaws.com/uploads/%E1%84%8E%E1%85%A9%E1%84%89%E1%85%AE%E1%84%87%E1%85%B5.jpg', 2, 8),
                                                                                     (9, 4, '시간이 금방 지나갔습니다.', 'https://ddabong-upload.s3.ap-northeast-2.amazonaws.com/uploads/%E1%84%8E%E1%85%A9%E1%84%89%E1%85%AE%E1%84%87%E1%85%B5.jpg', 2, 9),
                                                                                     (10, 5, '봉사자분들과의 협업이 좋았습니다.', 'https://ddabong-upload.s3.ap-northeast-2.amazonaws.com/uploads/%E1%84%8E%E1%85%A9%E1%84%89%E1%85%AE%E1%84%87%E1%85%B5.jpg', 2, 10),
                                                                                     (11, 5, '환경 보호의 중요성을 다시 느꼈습니다.', 'https://ddabong-upload.s3.ap-northeast-2.amazonaws.com/uploads/%E1%84%8E%E1%85%A9%E1%84%89%E1%85%AE%E1%84%87%E1%85%B5.jpg', 3, 11),
                                                                                     (12, 4, '운영이 체계적이라 편했습니다.', 'https://ddabong-upload.s3.ap-northeast-2.amazonaws.com/uploads/%E1%84%8E%E1%85%A9%E1%84%89%E1%85%AE%E1%84%87%E1%85%B5.jpg', 3, 12),
                                                                                     (13, 5, '시간이 금방 지나갔습니다.', 'https://ddabong-upload.s3.ap-northeast-2.amazonaws.com/uploads/%E1%84%8E%E1%85%A9%E1%84%89%E1%85%AE%E1%84%87%E1%85%B5.jpg', 3, 13),
                                                                                     (14, 4, '봉사자분들과의 협업이 좋았습니다.', 'https://ddabong-upload.s3.ap-northeast-2.amazonaws.com/uploads/%E1%84%8E%E1%85%A9%E1%84%89%E1%85%AE%E1%84%87%E1%85%B5.jpg', 3, 14),
                                                                                     (15, 5, '많은 걸 배우고 가요.', 'https://ddabong-upload.s3.ap-northeast-2.amazonaws.com/uploads/%E1%84%8E%E1%85%A9%E1%84%89%E1%85%AE%E1%84%87%E1%85%B5.jpg', 3, 15),
                                                                                     (16, 5, '운영이 체계적이라 편했습니다.', 'https://ddabong-upload.s3.ap-northeast-2.amazonaws.com/uploads/%E1%84%8E%E1%85%A9%E1%84%89%E1%85%AE%E1%84%87%E1%85%B5.jpg', 4, 16),
                                                                                     (17, 4, '시간이 금방 지나갔습니다.', 'https://ddabong-upload.s3.ap-northeast-2.amazonaws.com/uploads/%E1%84%8E%E1%85%A9%E1%84%89%E1%85%AE%E1%84%87%E1%85%B5.jpg', 4, 17),
                                                                                     (18, 5, '봉사자분들과의 협업이 좋았습니다.', 'https://ddabong-upload.s3.ap-northeast-2.amazonaws.com/uploads/%E1%84%8E%E1%85%A9%E1%84%89%E1%85%AE%E1%84%87%E1%85%B5.jpg', 4, 18),
                                                                                     (19, 4, '많은 걸 배우고 가요.', 'https://ddabong-upload.s3.ap-northeast-2.amazonaws.com/uploads/%E1%84%8E%E1%85%A9%E1%84%89%E1%85%AE%E1%84%87%E1%85%B5.jpg', 4, 19),
                                                                                     (20, 5, '생각보다 보람이 컸습니다.', 'https://ddabong-upload.s3.ap-northeast-2.amazonaws.com/uploads/%E1%84%8E%E1%85%A9%E1%84%89%E1%85%AE%E1%84%87%E1%85%B5.jpg', 4, 20),
                                                                                     (21, 5, '시간이 금방 지나갔습니다.', 'https://ddabong-upload.s3.ap-northeast-2.amazonaws.com/uploads/%E1%84%8E%E1%85%A9%E1%84%89%E1%85%AE%E1%84%87%E1%85%B5.jpg', 5, 21),
                                                                                     (22, 4, '봉사자분들과의 협업이 좋았습니다.', 'https://ddabong-upload.s3.ap-northeast-2.amazonaws.com/uploads/%E1%84%8E%E1%85%A9%E1%84%89%E1%85%AE%E1%84%87%E1%85%B5.jpg', 5, 22),
                                                                                     (23, 5, '많은 걸 배우고 가요.', 'https://ddabong-upload.s3.ap-northeast-2.amazonaws.com/uploads/%E1%84%8E%E1%85%A9%E1%84%89%E1%85%AE%E1%84%87%E1%85%B5.jpg', 5, 23),
                                                                                     (24, 4, '생각보다 보람이 컸습니다.', 'https://ddabong-upload.s3.ap-northeast-2.amazonaws.com/uploads/%E1%84%8E%E1%85%A9%E1%84%89%E1%85%AE%E1%84%87%E1%85%B5.jpg', 5, 24),
                                                                                     (25, 5, '의미 있는 하루였습니다.', 'https://ddabong-upload.s3.ap-northeast-2.amazonaws.com/uploads/%E1%84%8E%E1%85%A9%E1%84%89%E1%85%AE%E1%84%87%E1%85%B5.jpg', 5, 25),
                                                                                     (26, 5, '봉사자분들과의 협업이 좋았습니다.', 'https://ddabong-upload.s3.ap-northeast-2.amazonaws.com/uploads/%E1%84%8E%E1%85%A9%E1%84%89%E1%85%AE%E1%84%87%E1%85%B5.jpg', 6, 26),
                                                                                     (27, 4, '많은 걸 배우고 가요.', 'https://ddabong-upload.s3.ap-northeast-2.amazonaws.com/uploads/%E1%84%8E%E1%85%A9%E1%84%89%E1%85%AE%E1%84%87%E1%85%B5.jpg', 6, 27),
                                                                                     (28, 5, '생각보다 보람이 컸습니다.', 'https://ddabong-upload.s3.ap-northeast-2.amazonaws.com/uploads/%E1%84%8E%E1%85%A9%E1%84%89%E1%85%AE%E1%84%87%E1%85%B5.jpg', 6, 28),
                                                                                     (29, 4, '의미 있는 하루였습니다.', 'https://ddabong-upload.s3.ap-northeast-2.amazonaws.com/uploads/%E1%84%8E%E1%85%A9%E1%84%89%E1%85%AE%E1%84%87%E1%85%B5.jpg', 6, 29),
                                                                                     (30, 5, '활동이 정말 유익했습니다.', 'https://ddabong-upload.s3.ap-northeast-2.amazonaws.com/uploads/%E1%84%8E%E1%85%A9%E1%84%89%E1%85%AE%E1%84%87%E1%85%B5.jpg', 6, 30),
                                                                                     (31, 4, '생각보다 보람이 컸습니다.', 'https://ddabong-upload.s3.ap-northeast-2.amazonaws.com/uploads/%E1%84%8E%E1%85%A9%E1%84%89%E1%85%AE%E1%84%87%E1%85%B5.jpg', 7, 1),
                                                                                     (32, 5, '의미 있는 하루였습니다.', 'https://ddabong-upload.s3.ap-northeast-2.amazonaws.com/uploads/%E1%84%8E%E1%85%A9%E1%84%89%E1%85%AE%E1%84%87%E1%85%B5.jpg', 7, 2),
                                                                                     (33, 4, '활동이 정말 유익했습니다.', 'https://ddabong-upload.s3.ap-northeast-2.amazonaws.com/uploads/%E1%84%8E%E1%85%A9%E1%84%89%E1%85%AE%E1%84%87%E1%85%B5.jpg', 7, 3),
                                                                                     (34, 5, '다음에도 꼭 참여하고 싶어요.', 'https://ddabong-upload.s3.ap-northeast-2.amazonaws.com/uploads/%E1%84%8E%E1%85%A9%E1%84%89%E1%85%AE%E1%84%87%E1%85%B5.jpg', 7, 4),
                                                                                     (35, 5, '생각보다 보람이 컸습니다.', 'https://ddabong-upload.s3.ap-northeast-2.amazonaws.com/uploads/%E1%84%8E%E1%85%A9%E1%84%89%E1%85%AE%E1%84%87%E1%85%B5.jpg', 8, 5),
                                                                                     (36, 4, '의미 있는 하루였습니다.', 'https://ddabong-upload.s3.ap-northeast-2.amazonaws.com/uploads/%E1%84%8E%E1%85%A9%E1%84%89%E1%85%AE%E1%84%87%E1%85%B5.jpg', 8, 6),
                                                                                     (37, 5, '활동이 정말 유익했습니다.', 'https://ddabong-upload.s3.ap-northeast-2.amazonaws.com/uploads/%E1%84%8E%E1%85%A9%E1%84%89%E1%85%AE%E1%84%87%E1%85%B5.jpg', 8, 7),
                                                                                     (38, 4, '다음에도 꼭 참여하고 싶어요.', 'https://ddabong-upload.s3.ap-northeast-2.amazonaws.com/uploads/%E1%84%8E%E1%85%A9%E1%84%89%E1%85%AE%E1%84%87%E1%85%B5.jpg', 8, 8),
                                                                                     (39, 5, '아이들과 교감할 수 있어 행복했습니다.', 'https://ddabong-upload.s3.ap-northeast-2.amazonaws.com/uploads/%E1%84%8E%E1%85%A9%E1%84%89%E1%85%AE%E1%84%87%E1%85%B5.jpg', 8, 9),
                                                                                     (40, 5, '의미 있는 하루였습니다.', 'https://ddabong-upload.s3.ap-northeast-2.amazonaws.com/uploads/%E1%84%8E%E1%85%A9%E1%84%89%E1%85%AE%E1%84%87%E1%85%B5.jpg', 9, 10),
                                                                                     (41, 4, '활동이 정말 유익했습니다.', 'https://ddabong-upload.s3.ap-northeast-2.amazonaws.com/uploads/%E1%84%8E%E1%85%A9%E1%84%89%E1%85%AE%E1%84%87%E1%85%B5.jpg', 9, 11),
                                                                                     (42, 5, '다음에도 꼭 참여하고 싶어요.', 'https://ddabong-upload.s3.ap-northeast-2.amazonaws.com/uploads/%E1%84%8E%E1%85%A9%E1%84%89%E1%85%AE%E1%84%87%E1%85%B5.jpg', 9, 12),
                                                                                     (43, 4, '아이들과 교감할 수 있어 행복했습니다.', 'https://ddabong-upload.s3.ap-northeast-2.amazonaws.com/uploads/%E1%84%8E%E1%85%A9%E1%84%89%E1%85%AE%E1%84%87%E1%85%B5.jpg', 9, 13),
                                                                                     (44, 5, '환경 보호의 중요성을 다시 느꼈습니다.', 'https://ddabong-upload.s3.ap-northeast-2.amazonaws.com/uploads/%E1%84%8E%E1%85%A9%E1%84%89%E1%85%AE%E1%84%87%E1%85%B5.jpg', 9, 14),
                                                                                     (45, 5, '활동이 정말 유익했습니다.', 'https://ddabong-upload.s3.ap-northeast-2.amazonaws.com/uploads/%E1%84%8E%E1%85%A9%E1%84%89%E1%85%AE%E1%84%87%E1%85%B5.jpg', 10, 15),
                                                                                     (46, 4, '다음에도 꼭 참여하고 싶어요.', 'https://ddabong-upload.s3.ap-northeast-2.amazonaws.com/uploads/%E1%84%8E%E1%85%A9%E1%84%89%E1%85%AE%E1%84%87%E1%85%B5.jpg', 10, 16),
                                                                                     (47, 5, '아이들과 교감할 수 있어 행복했습니다.', 'https://ddabong-upload.s3.ap-northeast-2.amazonaws.com/uploads/%E1%84%8E%E1%85%A9%E1%84%89%E1%85%AE%E1%84%87%E1%85%B5.jpg', 10, 17),
                                                                                     (48, 4, '환경 보호의 중요성을 다시 느꼈습니다.', 'https://ddabong-upload.s3.ap-northeast-2.amazonaws.com/uploads/%E1%84%8E%E1%85%A9%E1%84%89%E1%85%AE%E1%84%87%E1%85%B5.jpg', 10, 18),
                                                                                     (49, 5, '운영이 체계적이라 편했습니다.', 'https://ddabong-upload.s3.ap-northeast-2.amazonaws.com/uploads/%E1%84%8E%E1%85%A9%E1%84%89%E1%85%AE%E1%84%87%E1%85%B5.jpg', 10, 19),
                                                                                     (50, 5, '다음에도 꼭 참여하고 싶어요.', 'https://ddabong-upload.s3.ap-northeast-2.amazonaws.com/uploads/%E1%84%8E%E1%85%A9%E1%84%89%E1%85%AE%E1%84%87%E1%85%B5.jpg', 11, 20),
                                                                                     (51, 4, '아이들과 교감할 수 있어 행복했습니다.', 'https://ddabong-upload.s3.ap-northeast-2.amazonaws.com/uploads/%E1%84%8E%E1%85%A9%E1%84%89%E1%85%AE%E1%84%87%E1%85%B5.jpg', 11, 21),
                                                                                     (52, 5, '환경 보호의 중요성을 다시 느꼈습니다.', 'https://ddabong-upload.s3.ap-northeast-2.amazonaws.com/uploads/%E1%84%8E%E1%85%A9%E1%84%89%E1%85%AE%E1%84%87%E1%85%B5.jpg', 11, 22),
                                                                                     (53, 4, '운영이 체계적이라 편했습니다.', 'https://ddabong-upload.s3.ap-northeast-2.amazonaws.com/uploads/%E1%84%8E%E1%85%A9%E1%84%89%E1%85%AE%E1%84%87%E1%85%B5.jpg', 11, 23),
                                                                                     (54, 5, '시간이 금방 지나갔습니다.', 'https://ddabong-upload.s3.ap-northeast-2.amazonaws.com/uploads/%E1%84%8E%E1%85%A9%E1%84%89%E1%85%AE%E1%84%87%E1%85%B5.jpg', 11, 24),
                                                                                     (55, 5, '아이들과 교감할 수 있어 행복했습니다.', 'https://ddabong-upload.s3.ap-northeast-2.amazonaws.com/uploads/%E1%84%8E%E1%85%A9%E1%84%89%E1%85%AE%E1%84%87%E1%85%B5.jpg', 12, 25),
                                                                                     (56, 4, '환경 보호의 중요성을 다시 느꼈습니다.', 'https://ddabong-upload.s3.ap-northeast-2.amazonaws.com/uploads/%E1%84%8E%E1%85%A9%E1%84%89%E1%85%AE%E1%84%87%E1%85%B5.jpg', 12, 26),
                                                                                     (57, 5, '운영이 체계적이라 편했습니다.', 'https://ddabong-upload.s3.ap-northeast-2.amazonaws.com/uploads/%E1%84%8E%E1%85%A9%E1%84%89%E1%85%AE%E1%84%87%E1%85%B5.jpg', 12, 27),
                                                                                     (58, 4, '시간이 금방 지나갔습니다.', 'https://ddabong-upload.s3.ap-northeast-2.amazonaws.com/uploads/%E1%84%8E%E1%85%A9%E1%84%89%E1%85%AE%E1%84%87%E1%85%B5.jpg', 12, 28),
                                                                                     (59, 5, '봉사자분들과의 협업이 좋았습니다.', 'https://ddabong-upload.s3.ap-northeast-2.amazonaws.com/uploads/%E1%84%8E%E1%85%A9%E1%84%89%E1%85%AE%E1%84%87%E1%85%B5.jpg', 12, 29),
                                                                                     (60, 5, '환경 보호의 중요성을 다시 느꼈습니다.', 'https://ddabong-upload.s3.ap-northeast-2.amazonaws.com/uploads/%E1%84%8E%E1%85%A9%E1%84%89%E1%85%AE%E1%84%87%E1%85%B5.jpg', 13, 30),
                                                                                     (61, 5, '시간이 금방 지나갔습니다.', 'https://ddabong-upload.s3.ap-northeast-2.amazonaws.com/uploads/%E1%84%8E%E1%85%A9%E1%84%89%E1%85%AE%E1%84%87%E1%85%B5.jpg', 13, 1),
                                                                                     (62, 4, '봉사자분들과의 협업이 좋았습니다.', 'https://ddabong-upload.s3.ap-northeast-2.amazonaws.com/uploads/%E1%84%8E%E1%85%A9%E1%84%89%E1%85%AE%E1%84%87%E1%85%B5.jpg', 13, 2),
                                                                                     (63, 5, '많은 걸 배우고 가요.', 'https://ddabong-upload.s3.ap-northeast-2.amazonaws.com/uploads/%E1%84%8E%E1%85%A9%E1%84%89%E1%85%AE%E1%84%87%E1%85%B5.jpg', 13, 3),
                                                                                     (64, 5, '운영이 체계적이라 편했습니다.', 'https://ddabong-upload.s3.ap-northeast-2.amazonaws.com/uploads/%E1%84%8E%E1%85%A9%E1%84%89%E1%85%AE%E1%84%87%E1%85%B5.jpg', 14, 4),
                                                                                     (65, 4, '시간이 금방 지나갔습니다.', 'https://ddabong-upload.s3.ap-northeast-2.amazonaws.com/uploads/%E1%84%8E%E1%85%A9%E1%84%89%E1%85%AE%E1%84%87%E1%85%B5.jpg', 14, 5),
                                                                                     (66, 5, '봉사자분들과의 협업이 좋았습니다.', 'https://ddabong-upload.s3.ap-northeast-2.amazonaws.com/uploads/%E1%84%8E%E1%85%A9%E1%84%89%E1%85%AE%E1%84%87%E1%85%B5.jpg', 14, 6),
                                                                                     (67, 4, '많은 걸 배우고 가요.', 'https://ddabong-upload.s3.ap-northeast-2.amazonaws.com/uploads/%E1%84%8E%E1%85%A9%E1%84%89%E1%85%AE%E1%84%87%E1%85%B5.jpg', 14, 7),
                                                                                     (68, 5, '생각보다 보람이 컸습니다.', 'https://ddabong-upload.s3.ap-northeast-2.amazonaws.com/uploads/%E1%84%8E%E1%85%A9%E1%84%89%E1%85%AE%E1%84%87%E1%85%B5.jpg', 14, 8),
                                                                                     (69, 5, '시간이 금방 지나갔습니다.', 'https://ddabong-upload.s3.ap-northeast-2.amazonaws.com/uploads/%E1%84%8E%E1%85%A9%E1%84%89%E1%85%AE%E1%84%87%E1%85%B5.jpg', 15, 9),
                                                                                     (70, 4, '봉사자분들과의 협업이 좋았습니다.', 'https://ddabong-upload.s3.ap-northeast-2.amazonaws.com/uploads/%E1%84%8E%E1%85%A9%E1%84%89%E1%85%AE%E1%84%87%E1%85%B5.jpg', 15, 10),
                                                                                     (71, 5, '많은 걸 배우고 가요.', 'https://ddabong-upload.s3.ap-northeast-2.amazonaws.com/uploads/%E1%84%8E%E1%85%A9%E1%84%89%E1%85%AE%E1%84%87%E1%85%B5.jpg', 15, 11),
                                                                                     (72, 4, '생각보다 보람이 컸습니다.', 'https://ddabong-upload.s3.ap-northeast-2.amazonaws.com/uploads/%E1%84%8E%E1%85%A9%E1%84%89%E1%85%AE%E1%84%87%E1%85%B5.jpg', 15, 12),
                                                                                     (73, 5, '의미 있는 하루였습니다.', 'https://ddabong-upload.s3.ap-northeast-2.amazonaws.com/uploads/%E1%84%8E%E1%85%A9%E1%84%89%E1%85%AE%E1%84%87%E1%85%B5.jpg', 15, 13),
                                                                                     (74, 5, '봉사자분들과의 협업이 좋았습니다.', 'https://ddabong-upload.s3.ap-northeast-2.amazonaws.com/uploads/%E1%84%8E%E1%85%A9%E1%84%89%E1%85%AE%E1%84%87%E1%85%B5.jpg', 16, 14),
                                                                                     (75, 4, '많은 걸 배우고 가요.', 'https://ddabong-upload.s3.ap-northeast-2.amazonaws.com/uploads/%E1%84%8E%E1%85%A9%E1%84%89%E1%85%AE%E1%84%87%E1%85%B5.jpg', 16, 15),
                                                                                     (76, 5, '생각보다 보람이 컸습니다.', 'https://ddabong-upload.s3.ap-northeast-2.amazonaws.com/uploads/%E1%84%8E%E1%85%A9%E1%84%89%E1%85%AE%E1%84%87%E1%85%B5.jpg', 16, 16),
                                                                                     (77, 4, '의미 있는 하루였습니다.', 'https://ddabong-upload.s3.ap-northeast-2.amazonaws.com/uploads/%E1%84%8E%E1%85%A9%E1%84%89%E1%85%AE%E1%84%87%E1%85%B5.jpg', 16, 17),
                                                                                     (78, 5, '활동이 정말 유익했습니다.', 'https://ddabong-upload.s3.ap-northeast-2.amazonaws.com/uploads/%E1%84%8E%E1%85%A9%E1%84%89%E1%85%AE%E1%84%87%E1%85%B5.jpg', 16, 18),
                                                                                     (79, 5, '많은 걸 배우고 가요.', 'https://ddabong-upload.s3.ap-northeast-2.amazonaws.com/uploads/%E1%84%8E%E1%85%A9%E1%84%89%E1%85%AE%E1%84%87%E1%85%B5.jpg', 17, 19),
                                                                                     (80, 4, '생각보다 보람이 컸습니다.', 'https://ddabong-upload.s3.ap-northeast-2.amazonaws.com/uploads/%E1%84%8E%E1%85%A9%E1%84%89%E1%85%AE%E1%84%87%E1%85%B5.jpg', 17, 20),
                                                                                     (81, 5, '의미 있는 하루였습니다.', 'https://ddabong-upload.s3.ap-northeast-2.amazonaws.com/uploads/%E1%84%8E%E1%85%A9%E1%84%89%E1%85%AE%E1%84%87%E1%85%B5.jpg', 17, 21),
                                                                                     (82, 4, '활동이 정말 유익했습니다.', 'https://ddabong-upload.s3.ap-northeast-2.amazonaws.com/uploads/%E1%84%8E%E1%85%A9%E1%84%89%E1%85%AE%E1%84%87%E1%85%B5.jpg', 17, 22),
                                                                                     (83, 5, '다음에도 꼭 참여하고 싶어요.', 'https://ddabong-upload.s3.ap-northeast-2.amazonaws.com/uploads/%E1%84%8E%E1%85%A9%E1%84%89%E1%85%AE%E1%84%87%E1%85%B5.jpg', 17, 23),
                                                                                     (84, 5, '생각보다 보람이 컸습니다.', 'https://ddabong-upload.s3.ap-northeast-2.amazonaws.com/uploads/%E1%84%8E%E1%85%A9%E1%84%89%E1%85%AE%E1%84%87%E1%85%B5.jpg', 18, 24),
                                                                                     (85, 4, '의미 있는 하루였습니다.', 'https://ddabong-upload.s3.ap-northeast-2.amazonaws.com/uploads/%E1%84%8E%E1%85%A9%E1%84%89%E1%85%AE%E1%84%87%E1%85%B5.jpg', 18, 25),
                                                                                     (86, 5, '활동이 정말 유익했습니다.', 'https://ddabong-upload.s3.ap-northeast-2.amazonaws.com/uploads/%E1%84%8E%E1%85%A9%E1%84%89%E1%85%AE%E1%84%87%E1%85%B5.jpg', 18, 26),
                                                                                     (87, 4, '다음에도 꼭 참여하고 싶어요.', 'https://ddabong-upload.s3.ap-northeast-2.amazonaws.com/uploads/%E1%84%8E%E1%85%A9%E1%84%89%E1%85%AE%E1%84%87%E1%85%B5.jpg', 18, 27),
                                                                                     (88, 5, '아이들과 교감할 수 있어 행복했습니다.', 'https://ddabong-upload.s3.ap-northeast-2.amazonaws.com/uploads/%E1%84%8E%E1%85%A9%E1%84%89%E1%85%AE%E1%84%87%E1%85%B5.jpg', 18, 28),
                                                                                     (89, 5, '의미 있는 하루였습니다.', 'https://ddabong-upload.s3.ap-northeast-2.amazonaws.com/uploads/%E1%84%8E%E1%85%A9%E1%84%89%E1%85%AE%E1%84%87%E1%85%B5.jpg', 19, 29),
                                                                                     (90, 4, '활동이 정말 유익했습니다.', 'https://ddabong-upload.s3.ap-northeast-2.amazonaws.com/uploads/%E1%84%8E%E1%85%A9%E1%84%89%E1%85%AE%E1%84%87%E1%85%B5.jpg', 19, 30),
                                                                                     (91, 4, '아이들과 교감할 수 있어 행복했습니다.', 'https://ddabong-upload.s3.ap-northeast-2.amazonaws.com/uploads/%E1%84%8E%E1%85%A9%E1%84%89%E1%85%AE%E1%84%87%E1%85%B5.jpg', 19, 1),
                                                                                     (92, 5, '환경 보호의 중요성을 다시 느꼈습니다.', 'https://ddabong-upload.s3.ap-northeast-2.amazonaws.com/uploads/%E1%84%8E%E1%85%A9%E1%84%89%E1%85%AE%E1%84%87%E1%85%B5.jpg', 19, 2),
                                                                                     (93, 5, '활동이 정말 유익했습니다.', 'https://ddabong-upload.s3.ap-northeast-2.amazonaws.com/uploads/%E1%84%8E%E1%85%A9%E1%84%89%E1%85%AE%E1%84%87%E1%85%B5.jpg', 20, 3),
                                                                                     (94, 4, '다음에도 꼭 참여하고 싶어요.', 'https://ddabong-upload.s3.ap-northeast-2.amazonaws.com/uploads/%E1%84%8E%E1%85%A9%E1%84%89%E1%85%AE%E1%84%87%E1%85%B5.jpg', 20, 4),
                                                                                     (95, 5, '아이들과 교감할 수 있어 행복했습니다.', 'https://ddabong-upload.s3.ap-northeast-2.amazonaws.com/uploads/%E1%84%8E%E1%85%A9%E1%84%89%E1%85%AE%E1%84%87%E1%85%B5.jpg', 20, 5),
                                                                                     (96, 4, '환경 보호의 중요성을 다시 느꼈습니다.', 'https://ddabong-upload.s3.ap-northeast-2.amazonaws.com/uploads/%E1%84%8E%E1%85%A9%E1%84%89%E1%85%AE%E1%84%87%E1%85%B5.jpg', 20, 6),
                                                                                     (97, 5, '운영이 체계적이라 편했습니다.', 'https://ddabong-upload.s3.ap-northeast-2.amazonaws.com/uploads/%E1%84%8E%E1%85%A9%E1%84%89%E1%85%AE%E1%84%87%E1%85%B5.jpg', 20, 7),
                                                                                     (98, 5, '다음에도 꼭 참여하고 싶어요.', 'https://ddabong-upload.s3.ap-northeast-2.amazonaws.com/uploads/%E1%84%8E%E1%85%A9%E1%84%89%E1%85%AE%E1%84%87%E1%85%B5.jpg', 21, 8),
                                                                                     (99, 4, '아이들과 교감할 수 있어 행복했습니다.', 'https://ddabong-upload.s3.ap-northeast-2.amazonaws.com/uploads/%E1%84%8E%E1%85%A9%E1%84%89%E1%85%AE%E1%84%87%E1%85%B5.jpg', 21, 9),
                                                                                     (100, 5, '환경 보호의 중요성을 다시 느꼈습니다.', 'https://ddabong-upload.s3.ap-northeast-2.amazonaws.com/uploads/%E1%84%8E%E1%85%A9%E1%84%89%E1%85%AE%E1%84%87%E1%85%B5.jpg', 21, 10),
                                                                                     (101, 4, '운영이 체계적이라 편했습니다.', 'https://ddabong-upload.s3.ap-northeast-2.amazonaws.com/uploads/%E1%84%8E%E1%85%A9%E1%84%89%E1%85%AE%E1%84%87%E1%85%B5.jpg', 21, 11),
                                                                                     (102, 5, '시간이 금방 지나갔습니다.', 'https://ddabong-upload.s3.ap-northeast-2.amazonaws.com/uploads/%E1%84%8E%E1%85%A9%E1%84%89%E1%85%AE%E1%84%87%E1%85%B5.jpg', 21, 12),
                                                                                     (103, 5, '아이들과 교감할 수 있어 행복했습니다.', 'https://ddabong-upload.s3.ap-northeast-2.amazonaws.com/uploads/%E1%84%8E%E1%85%A9%E1%84%89%E1%85%AE%E1%84%87%E1%85%B5.jpg', 22, 13),
                                                                                     (104, 4, '환경 보호의 중요성을 다시 느꼈습니다.', 'https://ddabong-upload.s3.ap-northeast-2.amazonaws.com/uploads/%E1%84%8E%E1%85%A9%E1%84%89%E1%85%AE%E1%84%87%E1%85%B5.jpg', 22, 14),
                                                                                     (105, 5, '운영이 체계적이라 편했습니다.', 'https://ddabong-upload.s3.ap-northeast-2.amazonaws.com/uploads/%E1%84%8E%E1%85%A9%E1%84%89%E1%85%AE%E1%84%87%E1%85%B5.jpg', 22, 15),
                                                                                     (106, 4, '시간이 금방 지나갔습니다.', 'https://ddabong-upload.s3.ap-northeast-2.amazonaws.com/uploads/%E1%84%8E%E1%85%A9%E1%84%89%E1%85%AE%E1%84%87%E1%85%B5.jpg', 22, 16),
                                                                                     (107, 5, '봉사자분들과의 협업이 좋았습니다.', 'https://ddabong-upload.s3.ap-northeast-2.amazonaws.com/uploads/%E1%84%8E%E1%85%A9%E1%84%89%E1%85%AE%E1%84%87%E1%85%B5.jpg', 22, 17);

INSERT INTO user_review (id, health_status, diligence_level, attitude, memo, user_id,write_inst, activity_post_id) VALUES
                                                                                                                       (1, 5, 5, 5, '항상 밝은 태도로 임합니다.', 1, 2,1),
                                                                                                                       (2, 4, 4, 5, '팀워크가 뛰어납니다.', 1, 3,16),
                                                                                                                       (3, 5, 5, 4, '리더십이 돋보입니다.', 1, 4,17),
                                                                                                                       (4, 4, 5, 5, '현장 적응이 빠릅니다.', 1, 18,18),
                                                                                                                       (5, 5, 4, 5, '소통이 원활합니다.', 1, 1,19),
                                                                                                                       (6, 5, 5, 5, '팀워크가 뛰어납니다.', 2, 3,16),
                                                                                                                       (7, 4, 4, 5, '리더십이 돋보입니다.', 2, 4,17),
                                                                                                                       (8, 5, 5, 4, '현장 적응이 빠릅니다.', 2, 18,18),
                                                                                                                       (9, 4, 5, 5, '소통이 원활합니다.', 2, 1,19),
                                                                                                                       (10, 5, 4, 5, '시간 약속을 잘 지킵니다.', 2, 2,20),
                                                                                                                       (11, 5, 5, 5, '리더십이 돋보입니다.', 3, 4,16),
                                                                                                                       (12, 4, 4, 5, '현장 적응이 빠릅니다.', 3, 5,17),
                                                                                                                       (13, 5, 5, 4, '소통이 원활합니다.', 3, 1,18),
                                                                                                                       (14, 4, 5, 5, '시간 약속을 잘 지킵니다.', 3, 2,19),
                                                                                                                       (15, 5, 4, 5, '문제 해결력이 좋습니다.', 3, 3,20),
                                                                                                                       (16, 5, 5, 5, '현장 적응이 빠릅니다.', 4, 5,16),
                                                                                                                       (17, 4, 4, 5, '소통이 원활합니다.', 4, 1,17),
                                                                                                                       (18, 5, 5, 4, '시간 약속을 잘 지킵니다.', 4, 2,18),
                                                                                                                       (19, 4, 5, 5, '문제 해결력이 좋습니다.', 4, 3,19),
                                                                                                                       (20, 5, 4, 5, '주도적으로 행동합니다.', 4, 4,20),
                                                                                                                       (21, 5, 5, 5, '소통이 원활합니다.', 5, 1,16),
                                                                                                                       (22, 4, 4, 5, '시간 약속을 잘 지킵니다.', 5, 2,17),
                                                                                                                       (23, 5, 5, 4, '문제 해결력이 좋습니다.', 5, 3,18),
                                                                                                                       (24, 4, 5, 5, '주도적으로 행동합니다.', 5, 4,19),
                                                                                                                       (25, 5, 4, 5, '세심하게 챙깁니다.', 5, 5,20),
                                                                                                                       (26, 5, 5, 5, '시간 약속을 잘 지킵니다.', 6, 2,16),
                                                                                                                       (27, 4, 4, 5, '문제 해결력이 좋습니다.', 6, 3,17),
                                                                                                                       (28, 5, 5, 4, '주도적으로 행동합니다.', 6, 4,18),
                                                                                                                       (29, 4, 5, 5, '세심하게 챙깁니다.', 6, 5,19),
                                                                                                                       (30, 5, 4, 5, '성실하고 책임감 있습니다.', 6, 1,20),
                                                                                                                       (31, 5, 5, 5, '문제 해결력이 좋습니다.', 7, 3,16),
                                                                                                                       (32, 4, 4, 5, '주도적으로 행동합니다.', 7, 4,17),
                                                                                                                       (33, 5, 5, 4, '세심하게 챙깁니다.', 7, 5,18),
                                                                                                                       (34, 4, 5, 5, '성실하고 책임감 있습니다.', 7, 1,19),
                                                                                                                       (35, 5, 4, 5, '항상 밝은 태도로 임합니다.', 7, 2,20),
                                                                                                                       (36, 5, 5, 5, '주도적으로 행동합니다.', 8, 4,16),
                                                                                                                       (37, 4, 4, 5, '세심하게 챙깁니다.', 8, 5,17),
                                                                                                                       (38, 5, 5, 4, '성실하고 책임감 있습니다.', 8, 1,18),
                                                                                                                       (39, 4, 5, 5, '항상 밝은 태도로 임합니다.', 8, 2,19),
                                                                                                                       (40, 5, 4, 5, '팀워크가 뛰어납니다.', 8, 3,20),
                                                                                                                       (41, 5, 5, 5, '세심하게 챙깁니다.', 9, 5,16),
                                                                                                                       (42, 4, 4, 5, '성실하고 책임감 있습니다.', 9, 1,17),
                                                                                                                       (43, 5, 5, 4, '항상 밝은 태도로 임합니다.', 9, 2,18),
                                                                                                                       (44, 4, 5, 5, '팀워크가 뛰어납니다.', 9, 3,19),
                                                                                                                       (45, 5, 4, 5, '리더십이 돋보입니다.', 9, 4,20),
                                                                                                                       (46, 5, 5, 5, '성실하고 책임감 있습니다.', 10, 1,16),
                                                                                                                       (47, 4, 4, 5, '항상 밝은 태도로 임합니다.', 10, 2,17),
                                                                                                                       (48, 5, 5, 4, '팀워크가 뛰어납니다.', 10, 3,18),
                                                                                                                       (49, 4, 5, 5, '리더십이 돋보입니다.', 10, 4,19),
                                                                                                                       (50, 5, 4, 5, '현장 적응이 빠릅니다.', 10, 5,20),
                                                                                                                       (51, 5, 5, 5, '항상 밝은 태도로 임합니다.', 11, 2,16),
                                                                                                                       (52, 4, 4, 5, '팀워크가 뛰어납니다.', 11, 3,17),
                                                                                                                       (53, 5, 5, 4, '리더십이 돋보입니다.', 11, 4,18),
                                                                                                                       (54, 4, 5, 5, '현장 적응이 빠릅니다.', 11, 5,19),
                                                                                                                       (55, 5, 4, 5, '소통이 원활합니다.', 11, 1,20),
                                                                                                                       (56, 5, 5, 5, '팀워크가 뛰어납니다.', 12, 3,16),
                                                                                                                       (57, 4, 4, 5, '리더십이 돋보입니다.', 12, 4,17),
                                                                                                                       (58, 5, 5, 4, '현장 적응이 빠릅니다.', 12, 5,18),
                                                                                                                       (59, 4, 5, 5, '소통이 원활합니다.', 12, 1,19),
                                                                                                                       (60, 5, 4, 5, '시간 약속을 잘 지킵니다.', 12, 2,20),
                                                                                                                       (61, 5, 5, 5, '리더십이 돋보입니다.', 13, 4,16),
                                                                                                                       (62, 4, 4, 5, '현장 적응이 빠릅니다.', 13, 5,17),
                                                                                                                       (63, 5, 5, 4, '소통이 원활합니다.', 13, 1,18),
                                                                                                                       (64, 4, 5, 5, '시간 약속을 잘 지킵니다.', 13, 2,19),
                                                                                                                       (65, 5, 4, 5, '문제 해결력이 좋습니다.', 13, 3,20),
                                                                                                                       (66, 5, 5, 5, '현장 적응이 빠릅니다.', 14, 5,16),
                                                                                                                       (67, 4, 4, 5, '소통이 원활합니다.', 14, 1,17),
                                                                                                                       (68, 5, 5, 4, '시간 약속을 잘 지킵니다.', 14, 2,18),
                                                                                                                       (69, 4, 5, 5, '문제 해결력이 좋습니다.', 14, 3,19),
                                                                                                                       (70, 5, 4, 5, '주도적으로 행동합니다.', 14, 4,20),
                                                                                                                       (71, 5, 5, 5, '소통이 원활합니다.', 15, 1,16),
                                                                                                                       (72, 4, 4, 5, '시간 약속을 잘 지킵니다.', 15, 2,17),
                                                                                                                       (73, 5, 5, 4, '문제 해결력이 좋습니다.', 15, 3,18),
                                                                                                                       (74, 4, 5, 5, '주도적으로 행동합니다.', 15, 4,19),
                                                                                                                       (75, 5, 4, 5, '세심하게 챙깁니다.', 15, 5,20),
                                                                                                                       (76, 5, 5, 5, '시간 약속을 잘 지킵니다.', 16, 2,16),
                                                                                                                       (77, 4, 4, 5, '문제 해결력이 좋습니다.', 16, 3,17),
                                                                                                                       (78, 5, 5, 4, '주도적으로 행동합니다.', 16, 4,18),
                                                                                                                       (79, 4, 5, 5, '세심하게 챙깁니다.', 16, 5,19),
                                                                                                                       (80, 5, 4, 5, '성실하고 책임감 있습니다.', 16, 1,20),
                                                                                                                       (81, 5, 5, 5, '문제 해결력이 좋습니다.', 17, 3,16),
                                                                                                                       (82, 4, 4, 5, '주도적으로 행동합니다.', 17, 4,17),
                                                                                                                       (83, 5, 5, 4, '세심하게 챙깁니다.', 17, 5,18),
                                                                                                                       (84, 4, 5, 5, '성실하고 책임감 있습니다.', 17, 1,19),
                                                                                                                       (85, 5, 4, 5, '항상 밝은 태도로 임합니다.', 17, 2,20),
                                                                                                                       (86, 5, 5, 5, '주도적으로 행동합니다.', 18, 4,16),
                                                                                                                       (87, 4, 4, 5, '세심하게 챙깁니다.', 18, 5,17),
                                                                                                                       (88, 5, 5, 4, '성실하고 책임감 있습니다.', 18, 1,18),
                                                                                                                       (89, 4, 5, 5, '항상 밝은 태도로 임합니다.', 18, 2,19),
                                                                                                                       (90, 5, 4, 5, '팀워크가 뛰어납니다.', 18, 3,20),
                                                                                                                       (91, 5, 5, 5, '세심하게 챙깁니다.', 19, 5,16),
                                                                                                                       (92, 4, 4, 5, '성실하고 책임감 있습니다.', 19, 1,17),
                                                                                                                       (93, 5, 5, 4, '항상 밝은 태도로 임합니다.', 19, 2,18),
                                                                                                                       (94, 4, 5, 5, '팀워크가 뛰어납니다.', 19, 3,19),
                                                                                                                       (95, 5, 4, 5, '리더십이 돋보입니다.', 19, 4,20),
                                                                                                                       (96, 5, 5, 5, '성실하고 책임감 있습니다.', 20, 1,16),
                                                                                                                       (97, 4, 4, 5, '항상 밝은 태도로 임합니다.', 20, 2,17),
                                                                                                                       (98, 5, 5, 4, '팀워크가 뛰어납니다.', 20, 3,18),
                                                                                                                       (99, 4, 5, 5, '리더십이 돋보입니다.', 20, 4,19),
                                                                                                                       (100, 5, 4, 5, '현장 적응이 빠릅니다.', 20, 5,20),
                                                                                                                       (101, 5, 5, 5, '항상 밝은 태도로 임합니다.', 21, 2,16),
                                                                                                                       (102, 4, 4, 5, '팀워크가 뛰어납니다.', 21, 3,17),
                                                                                                                       (103, 5, 5, 4, '리더십이 돋보입니다.', 21, 4,18),
                                                                                                                       (104, 4, 5, 5, '현장 적응이 빠릅니다.', 21, 5,19),
                                                                                                                       (105, 5, 4, 5, '소통이 원활합니다.', 21, 1,20),
                                                                                                                       (106, 5, 5, 5, '팀워크가 뛰어납니다.', 22, 3,16),
                                                                                                                       (107, 4, 4, 5, '리더십이 돋보입니다.', 22, 4,17),
                                                                                                                       (108, 5, 5, 4, '현장 적응이 빠릅니다.', 22, 5,18),
                                                                                                                       (109, 4, 5, 5, '소통이 원활합니다.', 22, 1,19),
                                                                                                                       (110, 5, 4, 5, '시간 약속을 잘 지킵니다.', 22, 2,20),
                                                                                                                       (111, 5, 5, 5, '리더십이 돋보입니다.', 23, 4,16),
                                                                                                                       (112, 4, 4, 5, '현장 적응이 빠릅니다.', 23, 5,17),
                                                                                                                       (113, 5, 5, 4, '소통이 원활합니다.', 23, 1,18),
                                                                                                                       (114, 4, 5, 5, '시간 약속을 잘 지킵니다.', 23, 2,19),
                                                                                                                       (115, 5, 4, 5, '문제 해결력이 좋습니다.', 23, 3,20),
                                                                                                                       (116, 5, 5, 5, '현장 적응이 빠릅니다.', 24, 5,16),
                                                                                                                       (117, 4, 4, 5, '소통이 원활합니다.', 24, 1,17),
                                                                                                                       (118, 5, 5, 4, '시간 약속을 잘 지킵니다.', 24, 2,18),
                                                                                                                       (119, 4, 5, 5, '문제 해결력이 좋습니다.', 24, 3,19),
                                                                                                                       (120, 5, 4, 5, '주도적으로 행동합니다.', 24, 4,20),
                                                                                                                       (121, 5, 5, 5, '소통이 원활합니다.', 25, 1,16),
                                                                                                                       (122, 4, 4, 5, '시간 약속을 잘 지킵니다.', 25, 2,17),
                                                                                                                       (123, 5, 5, 4, '문제 해결력이 좋습니다.', 25, 3,18),
                                                                                                                       (124, 4, 5, 5, '주도적으로 행동합니다.', 25, 4,19),
                                                                                                                       (125, 5, 4, 5, '세심하게 챙깁니다.', 25, 5,20),
                                                                                                                       (126, 5, 5, 5, '시간 약속을 잘 지킵니다.', 26, 2,16),
                                                                                                                       (127, 4, 4, 5, '문제 해결력이 좋습니다.', 26, 3,17),
                                                                                                                       (128, 5, 5, 4, '주도적으로 행동합니다.', 26, 4,18),
                                                                                                                       (129, 4, 5, 5, '세심하게 챙깁니다.', 26, 5,19);

INSERT INTO certification (id, hour, user_id) VALUES
                                                  (1, 50, 1), (2, 100, 1), (3, 150, 1), (4, 50, 2), (5, 50, 4),
                                                  (6, 100, 4), (7, 8, 7), (8, 12, 8), (9, 18, 9), (10, 22, 10),(11, 14, 11), (12, 9, 12), (13, 16, 13), (14, 28, 14), (15, 6, 15),
                                                  (16, 18, 16), (17, 22, 17), (18, 11, 18), (19, 19, 19), (20, 24, 20),
                                                  (21, 13, 21), (22, 8, 22), (23, 17, 23), (24, 26, 24), (25, 10, 25),
                                                  (26, 21, 26), (27, 15, 27), (28, 12, 28), (29, 23, 29), (30, 16, 30);


INSERT INTO support_request (id, supply, status, activity_post_id) VALUES
                                                                       (1, 'BUS',  'APPROVED', 1),
                                                                       (2, 'BUS',  'PENDING', 2),
                                                                       (3, 'BUS',  'APPROVED', 3),
                                                                       (4, 'BUS',  'REJECTED', 4),
                                                                       (5, 'BUS',  'PENDING', 5),
                                                                       (6, 'BUS',  'APPROVED', 6),
                                                                       (7, 'BUS',  'PENDING', 7),
                                                                       (8, 'BUS',  'APPROVED', 8),
                                                                       (9, 'BUS',  'PENDING', 9),
                                                                       (10, 'BUS',  'APPROVED', 10),
                                                                       (11, 'BUS',  'PENDING', 11),
                                                                       (12, 'BUS',  'APPROVED', 12),
                                                                       (13, 'BUS',  'PENDING', 13),
                                                                       (14, 'BUS',  'APPROVED', 14),
                                                                       (15, 'BUS',  'PENDING', 15),
                                                                       (16, 'BUS',  'APPROVED', 16),
                                                                       (17, 'BUS',  'PENDING', 17),
                                                                       (18, 'BUS',  'APPROVED', 18),
                                                                       (19, 'BUS',  'PENDING', 19),
                                                                       (20, 'BUS',  'APPROVED', 20),
                                                                       (21, 'BUS',  'PENDING', 21),
                                                                       (22, 'BUS',  'APPROVED', 22),
                                                                       (23, 'BUS',  'PENDING', 23),
                                                                       (24, 'BUS',  'APPROVED', 24),
                                                                       (25, 'BUS',  'APPROVED', 25);

